entity,code,year,gdp,total
Afghanistan,AFG,2013,20564485419,20564
Afghanistan,AFG,2014,20550582747,20551
Afghanistan,AFG,2015,19998143636,19998
Afghanistan,AFG,2016,18019554403,18020
Afghanistan,AFG,2017,18896353156,18896
Afghanistan,AFG,2018,18418860354,18419
Afghanistan,AFG,2019,18904502222,18904
Afghanistan,AFG,2020,20143451706,20143
Afghanistan,AFG,2021,14583135237,14583
Afghanistan,AFG,2022,14583135237,14583
Albania,ALB,2013,12776224537,12776
Albania,ALB,2014,13228147516,13228
Albania,ALB,2015,11386853143,11387
Albania,ALB,2016,11861199831,11861
Albania,ALB,2017,13019726212,13020
Albania,ALB,2018,15156424062,15156
Albania,ALB,2019,15401826081,15402
Albania,ALB,2020,15162734205,15163
Albania,ALB,2021,17930565119,17931
Albania,ALB,2022,18882095518,18882
Algeria,DZA,2013,209755003251,209755
Algeria,DZA,2014,213809980721,213810
Algeria,DZA,2015,165979224317,165979
Algeria,DZA,2016,160034212613,160034
Algeria,DZA,2017,170096989043,170097
Algeria,DZA,2018,174910891124,174911
Algeria,DZA,2019,171760290068,171760
Algeria,DZA,2020,145743722826,145744
Algeria,DZA,2021,163472233246,163472
Algeria,DZA,2022,191912889421,191913
American Samoa,ASM,2013,638000000,638
American Samoa,ASM,2014,643000000,643
American Samoa,ASM,2015,673000000,673
American Samoa,ASM,2016,671000000,671
American Samoa,ASM,2017,612000000,612
American Samoa,ASM,2018,639000000,639
American Samoa,ASM,2019,647000000,647
American Samoa,ASM,2020,716000000,716
American Samoa,ASM,2021,709000000,709
American Samoa,ASM,2022,709000000,709
Andorra,AND,2013,3193512950,3194
Andorra,AND,2014,3271685597,3272
Andorra,AND,2015,2789881259,2790
Andorra,AND,2016,2896610480,2897
Andorra,AND,2017,3000162081,3000
Andorra,AND,2018,3218419897,3218
Andorra,AND,2019,3155149348,3155
Andorra,AND,2020,2891001149,2891
Andorra,AND,2021,3325145407,3325
Andorra,AND,2022,3352032737,3352
Angola,AGO,2013,133401582620,133402
Angola,AGO,2014,137244439121,137244
Angola,AGO,2015,87219300385,87219
Angola,AGO,2016,49840491178,49840
Angola,AGO,2017,68972769396,68973
Angola,AGO,2018,77792944472,77793
Angola,AGO,2019,69309110146,69309
Angola,AGO,2020,50241368244,50241
Angola,AGO,2021,65685435100,65685
Angola,AGO,2022,106713618735,106714
Antigua and Barbuda,ATG,2013,1181448148,1181
Antigua and Barbuda,ATG,2014,1249733333,1250
Antigua and Barbuda,ATG,2015,1336692593,1337
Antigua and Barbuda,ATG,2016,1436585185,1437
Antigua and Barbuda,ATG,2017,1467955556,1468
Antigua and Barbuda,ATG,2018,1604770370,1605
Antigua and Barbuda,ATG,2019,1675403704,1675
Antigua and Barbuda,ATG,2020,1416348148,1416
Antigua and Barbuda,ATG,2021,1560518519,1561
Antigua and Barbuda,ATG,2022,1757603704,1758
Argentina,ARG,2013,552025140252,552025
Argentina,ARG,2014,526319673732,526320
Argentina,ARG,2015,594749285413,594749
Argentina,ARG,2016,557532317363,557532
Argentina,ARG,2017,643628396190,643628
Argentina,ARG,2018,524819898587,524820
Argentina,ARG,2019,447754686715,447755
Argentina,ARG,2020,385540406816,385540
Argentina,ARG,2021,487227125386,487227
Argentina,ARG,2022,632770284409,632770
Armenia,ARM,2013,11121464430,11121
Armenia,ARM,2014,11609513241,11610
Armenia,ARM,2015,10553337528,10553
Armenia,ARM,2016,10546136240,10546
Armenia,ARM,2017,11527458713,11527
Armenia,ARM,2018,12457940705,12458
Armenia,ARM,2019,13619290546,13619
Armenia,ARM,2020,12641698594,12642
Armenia,ARM,2021,13861409969,13861
Armenia,ARM,2022,19502783988,19503
Australia,AUS,2013,1576329690004,1576329
Australia,AUS,2014,1467589901175,1467589
Australia,AUS,2015,1350580336317,1350580
Australia,AUS,2016,1206562910557,1206563
Australia,AUS,2017,1326467487376,1326467
Australia,AUS,2018,1428266513154,1428266
Australia,AUS,2019,1392218527563,1392218
Australia,AUS,2020,1326944627877,1326944
Australia,AUS,2021,1552703151616,1552703
Australia,AUS,2022,1675418665067,1675418
Austria,AUT,2013,430190979706,430191
Austria,AUT,2014,442584815286,442585
Austria,AUT,2015,381971148531,381971
Austria,AUT,2016,395837353032,395837
Austria,AUT,2017,417261151845,417261
Austria,AUT,2018,454991174096,454991
Austria,AUT,2019,444621176101,444621
Austria,AUT,2020,435225238000,435225
Austria,AUT,2021,480368403893,480368
Austria,AUT,2022,471400066091,471400
Azerbaijan,AZE,2013,74160553009,74161
Azerbaijan,AZE,2014,75239737489,75240
Azerbaijan,AZE,2015,53076244755,53076
Azerbaijan,AZE,2016,37867007023,37867
Azerbaijan,AZE,2017,40866632048,40867
Azerbaijan,AZE,2018,47112479289,47112
Azerbaijan,AZE,2019,48174235294,48174
Azerbaijan,AZE,2020,42693000000,42693
Azerbaijan,AZE,2021,54825411765,54825
Azerbaijan,AZE,2022,78721058824,78721
Bahamas,BHS,2013,10562800000,10563
Bahamas,BHS,2014,11176100000,11176
Bahamas,BHS,2015,11672900000,11673
Bahamas,BHS,2016,11750800000,11751
Bahamas,BHS,2017,12253500000,12253
Bahamas,BHS,2018,12653600000,12654
Bahamas,BHS,2019,13058700000,13059
Bahamas,BHS,2020,9754600000,9755
Bahamas,BHS,2021,11527600000,11528
Bahamas,BHS,2022,12897400000,12897
Bahrain,BHR,2013,32539468085,32539
Bahrain,BHR,2014,33387712766,33388
Bahrain,BHR,2015,31050638298,31051
Bahrain,BHR,2016,32234973404,32235
Bahrain,BHR,2017,35473776596,35474
Bahrain,BHR,2018,37802005319,37802
Bahrain,BHR,2019,38653318085,38653
Bahrain,BHR,2020,34621807713,34622
Bahrain,BHR,2021,39303403989,39303
Bahrain,BHR,2022,44390820479,44391
Bangladesh,BGD,2013,149990529208,149990
Bangladesh,BGD,2014,172885432687,172885
Bangladesh,BGD,2015,195078574089,195079
Bangladesh,BGD,2016,265236389199,265236
Bangladesh,BGD,2017,293754769935,293755
Bangladesh,BGD,2018,321379163136,321379
Bangladesh,BGD,2019,351238397264,351238
Bangladesh,BGD,2020,373902196399,373902
Bangladesh,BGD,2021,416264802185,416265
Bangladesh,BGD,2022,460201000095,460201
Barbados,BRB,2013,4677248300,4677
Barbados,BRB,2014,4696344350,4696
Barbados,BRB,2015,4724691200,4725
Barbados,BRB,2016,4832811750,4833
Barbados,BRB,2017,4981588900,4982
Barbados,BRB,2018,5097283200,5097
Barbados,BRB,2019,5324250000,5324
Barbados,BRB,2020,4671800000,4672
Barbados,BRB,2021,4843800000,4844
Barbados,BRB,2022,5637914515,5638
Belarus,BLR,2013,75527537703,75528
Belarus,BLR,2014,78812785768,78813
Belarus,BLR,2015,56454895055,56455
Belarus,BLR,2016,47723549319,47724
Belarus,BLR,2017,54725311690,54725
Belarus,BLR,2018,60031163987,60031
Belarus,BLR,2019,64410112583,64410
Belarus,BLR,2020,61371755326,61372
Belarus,BLR,2021,69673747132,69674
Belarus,BLR,2022,72793457588,72793
Belgium,BEL,2013,521791015247,521791
Belgium,BEL,2014,535390200131,535390
Belgium,BEL,2015,462335574841,462335
Belgium,BEL,2016,476062757357,476063
Belgium,BEL,2017,502764720556,502765
Belgium,BEL,2018,543299066999,543299
Belgium,BEL,2019,535865692402,535866
Belgium,BEL,2020,525213067068,525213
Belgium,BEL,2021,594351961634,594352
Belgium,BEL,2022,578604103123,578604
Belize,BLZ,2013,2029500000,2029
Belize,BLZ,2014,2138000000,2138
Belize,BLZ,2015,2210500000,2210
Belize,BLZ,2016,2258500000,2258
Belize,BLZ,2017,2286000000,2286
Belize,BLZ,2018,2315000000,2315
Belize,BLZ,2019,2416500000,2416
Belize,BLZ,2020,2080000000,2080
Belize,BLZ,2021,2491500000,2491
Belize,BLZ,2022,2824081836,2824
Benin,BEN,2013,12517845128,12518
Benin,BEN,2014,13284527850,13285
Benin,BEN,2015,11388160997,11388
Benin,BEN,2016,11821065852,11821
Benin,BEN,2017,12701655846,12702
Benin,BEN,2018,14262408080,14262
Benin,BEN,2019,14391686309,14392
Benin,BEN,2020,15651545209,15652
Benin,BEN,2021,17690083520,17690
Benin,BEN,2022,17401746309,17402
Bermuda,BMU,2013,6465756000,6466
Bermuda,BMU,2014,6413988000,6414
Bermuda,BMU,2015,6654541000,6655
Bermuda,BMU,2016,6899911000,6900
Bermuda,BMU,2017,7142316000,7142
Bermuda,BMU,2018,7225977000,7226
Bermuda,BMU,2019,7423465000,7423
Bermuda,BMU,2020,6887147000,6887
Bermuda,BMU,2021,7127200000,7127
Bermuda,BMU,2022,7550500000,7550
Bhutan,BTN,2013,1756214304,1756
Bhutan,BTN,2014,1907090362,1907
Bhutan,BTN,2015,2003596824,2004
Bhutan,BTN,2016,2158971718,2159
Bhutan,BTN,2017,2450366108,2450
Bhutan,BTN,2018,2446867582,2447
Bhutan,BTN,2019,2535655609,2536
Bhutan,BTN,2020,2325185521,2325
Bhutan,BTN,2021,2539551327,2540
Bhutan,BTN,2022,2539551327,2540
Bolivia,BOL,2013,30659338886,30659
Bolivia,BOL,2014,32996188017,32996
Bolivia,BOL,2015,33000198249,33000
Bolivia,BOL,2016,33941126194,33941
Bolivia,BOL,2017,37508642171,37509
Bolivia,BOL,2018,40287647931,40288
Bolivia,BOL,2019,40895322851,40895
Bolivia,BOL,2020,36629843806,36630
Bolivia,BOL,2021,40408208524,40408
Bolivia,BOL,2022,43068885673,43069
Bosnia and Herzegovina,BIH,2013,18179104549,18179
Bosnia and Herzegovina,BIH,2014,18558731213,18559
Bosnia and Herzegovina,BIH,2015,16404352156,16404
Bosnia and Herzegovina,BIH,2016,17116926092,17117
Bosnia and Herzegovina,BIH,2017,18326376394,18326
Bosnia and Herzegovina,BIH,2018,20484048416,20484
Bosnia and Herzegovina,BIH,2019,20482603346,20483
Bosnia and Herzegovina,BIH,2020,20226030731,20226
Bosnia and Herzegovina,BIH,2021,23649566069,23650
Bosnia and Herzegovina,BIH,2022,24527507288,24527
Botswana,BWA,2013,14271738367,14272
Botswana,BWA,2014,15470087926,15470
Botswana,BWA,2015,13530749290,13531
Botswana,BWA,2016,15082636723,15083
Botswana,BWA,2017,16105156376,16105
Botswana,BWA,2018,17031943186,17032
Botswana,BWA,2019,16725908662,16726
Botswana,BWA,2020,14960291541,14960
Botswana,BWA,2021,18737066307,18737
Botswana,BWA,2022,20352322157,20352
Brazil,BRA,2013,2472819362259,2472819
Brazil,BRA,2014,2456043766064,2456043
Brazil,BRA,2015,1802211999556,1802211
Brazil,BRA,2016,1795693265824,1795693
Brazil,BRA,2017,2063514688762,2063514
Brazil,BRA,2018,1916933708404,1916933
Brazil,BRA,2019,1873288159001,1873288
Brazil,BRA,2020,1476107292037,1476107
Brazil,BRA,2021,1649622972159,1649622
Brazil,BRA,2022,1920095560995,1920095
Brunei,BRN,2013,18094326393,18094
Brunei,BRN,2014,17097801092,17098
Brunei,BRN,2015,12930292949,12930
Brunei,BRN,2016,11400467372,11400
Brunei,BRN,2017,12128182464,12128
Brunei,BRN,2018,13567164445,13567
Brunei,BRN,2019,13469240163,13469
Brunei,BRN,2020,12005795915,12006
Brunei,BRN,2021,14006497000,14006
Brunei,BRN,2022,16681531646,16682
Bulgaria,BGR,2013,55844245264,55844
Bulgaria,BGR,2014,57159557805,57160
Bulgaria,BGR,2015,50828088836,50828
Bulgaria,BGR,2016,53987487124,53987
Bulgaria,BGR,2017,59343060706,59343
Bulgaria,BGR,2018,66399602077,66400
Bulgaria,BGR,2019,68911930628,68912
Bulgaria,BGR,2020,70404359049,70404
Bulgaria,BGR,2021,84061395658,84061
Bulgaria,BGR,2022,89040398406,89040
Burkina Faso,BFA,2013,13444300490,13444
Burkina Faso,BFA,2014,13943016080,13943
Burkina Faso,BFA,2015,11832159316,11832
Burkina Faso,BFA,2016,12833363044,12833
Burkina Faso,BFA,2017,14106955625,14107
Burkina Faso,BFA,2018,15890066210,15890
Burkina Faso,BFA,2019,16178161666,16178
Burkina Faso,BFA,2020,17933606213,17934
Burkina Faso,BFA,2021,19737616003,19738
Burkina Faso,BFA,2022,18884619613,18885
Burundi,BDI,2013,2451606632,2452
Burundi,BDI,2014,2705783330,2706
Burundi,BDI,2015,3104003546,3104
Burundi,BDI,2016,2644487777,2644
Burundi,BDI,2017,2723586962,2724
Burundi,BDI,2018,2667182199,2667
Burundi,BDI,2019,2576518879,2577
Burundi,BDI,2020,2649680261,2650
Burundi,BDI,2021,2775798697,2776
Burundi,BDI,2022,3073414678,3073
Cambodia,KHM,2013,15227991395,15228
Cambodia,KHM,2014,16702610842,16703
Cambodia,KHM,2015,18049954289,18050
Cambodia,KHM,2016,20016747858,20017
Cambodia,KHM,2017,22177200589,22177
Cambodia,KHM,2018,24571753582,24572
Cambodia,KHM,2019,27089390033,27089
Cambodia,KHM,2020,25872797892,25873
Cambodia,KHM,2021,26961061152,26961
Cambodia,KHM,2022,29956769529,29957
Cameroon,CMR,2013,33728621190,33729
Cameroon,CMR,2014,36386544716,36387
Cameroon,CMR,2015,32210233022,32210
Cameroon,CMR,2016,33814337041,33814
Cameroon,CMR,2017,36098547059,36099
Cameroon,CMR,2018,39973842059,39974
Cameroon,CMR,2019,39670976440,39671
Cameroon,CMR,2020,40773241212,40773
Cameroon,CMR,2021,45338285386,45338
Cameroon,CMR,2022,44341646509,44342
Canada,CAN,2013,1846597421835,1846597
Canada,CAN,2014,1805749878440,1805749
Canada,CAN,2015,1556508816217,1556508
Canada,CAN,2016,1527994741907,1527994
Canada,CAN,2017,1649265644244,1649265
Canada,CAN,2018,1725297938436,1725297
Canada,CAN,2019,1743725183673,1743725
Canada,CAN,2020,1647598402303,1647598
Canada,CAN,2021,2001486745424,2001486
Canada,CAN,2022,2139840023674,2139839
Cape Verde,CPV,2013,2028910915,2029
Cape Verde,CPV,2014,2041930125,2042
Cape Verde,CPV,2015,1749857628,1750
Cape Verde,CPV,2016,1849789993,1850
Cape Verde,CPV,2017,1996741545,1997
Cape Verde,CPV,2018,2205099509,2205
Cape Verde,CPV,2019,2266752197,2267
Cape Verde,CPV,2020,1878277311,1878
Cape Verde,CPV,2021,2091741774,2092
Cape Verde,CPV,2022,2314816792,2315
Central African Republic,CAF,2013,1691544111,1692
Central African Republic,CAF,2014,1894813390,1895
Central African Republic,CAF,2015,1695825714,1696
Central African Republic,CAF,2016,1825018144,1825
Central African Republic,CAF,2017,2072349974,2072
Central African Republic,CAF,2018,2220979145,2221
Central African Republic,CAF,2019,2221301351,2221
Central African Republic,CAF,2020,2326720902,2327
Central African Republic,CAF,2021,2516498412,2516
Central African Republic,CAF,2022,2382618615,2383
Chad,TCD,2013,12953534870,12954
Chad,TCD,2014,13940767222,13941
Chad,TCD,2015,10950392257,10950
Chad,TCD,2016,10097778097,10098
Chad,TCD,2017,10000394388,10000
Chad,TCD,2018,11239167890,11239
Chad,TCD,2019,11314951088,11315
Chad,TCD,2020,10715396051,10715
Chad,TCD,2021,11779981332,11780
Chad,TCD,2022,12704149842,12704
Chile,CHL,2013,277239473854,277239
Chile,CHL,2014,259405194673,259405
Chile,CHL,2015,242496655712,242497
Chile,CHL,2016,249298706449,249299
Chile,CHL,2017,276364936832,276365
Chile,CHL,2018,295402646018,295403
Chile,CHL,2019,278493308134,278493
Chile,CHL,2020,254096103516,254096
Chile,CHL,2021,316713577509,316713
Chile,CHL,2022,301025249438,301025
China,CHN,2013,9570470577245,9570468
China,CHN,2014,10475624783236,10475622
China,CHN,2015,11061573199440,11061570
China,CHN,2016,11233314018690,11233311
China,CHN,2017,12310491176727,12310487
China,CHN,2018,13894907485399,13894903
China,CHN,2019,14279968485748,14279964
China,CHN,2020,14687743556970,14687739
China,CHN,2021,17820459342451,17820454
China,CHN,2022,17963170521080,17963165
Colombia,COL,2013,382093697078,382094
Colombia,COL,2014,381240864422,381241
Colombia,COL,2015,293492370229,293492
Colombia,COL,2016,282720100286,282720
Colombia,COL,2017,311866875136,311867
Colombia,COL,2018,334198218101,334198
Colombia,COL,2019,323031701211,323032
Colombia,COL,2020,270150956773,270151
Colombia,COL,2021,318511813577,318512
Colombia,COL,2022,343939445259,343939
Comoros,COM,2013,1116224107,1116
Comoros,COM,2014,1149587660,1150
Comoros,COM,2015,"966029599,8",966
Comoros,COM,2016,1012835493,1013
Comoros,COM,2017,1077439756,1077
Comoros,COM,2018,1188797450,1189
Comoros,COM,2019,1195019531,1195
Comoros,COM,2020,1225039196,1225
Comoros,COM,2021,1296089479,1296
Comoros,COM,2022,1242519407,1243
Congo,COG,2013,17958720704,17959
Congo,COG,2014,17912907682,17913
Congo,COG,2015,11890259177,11890
Congo,COG,2016,10219341017,10219
Congo,COG,2017,11094823677,11095
Congo,COG,2018,13670038020,13670
Congo,COG,2019,12750338736,12750
Congo,COG,2020,10483151094,10483
Congo,COG,2021,13366230821,13366
Congo,COG,2022,14615532210,14616
Costa Rica,CRI,2013,50949668886,50950
Costa Rica,CRI,2014,52016408924,52016
Costa Rica,CRI,2015,56441920824,56442
Costa Rica,CRI,2016,58847019585,58847
Costa Rica,CRI,2017,60516044623,60516
Costa Rica,CRI,2018,62420164965,62420
Costa Rica,CRI,2019,64417670556,64418
Costa Rica,CRI,2020,62395610764,62396
Costa Rica,CRI,2021,64616482168,64616
Costa Rica,CRI,2022,68380838316,68381
Cote d'Ivoire,CIV,2013,42760235496,42760
Cote d'Ivoire,CIV,2014,48843005625,48843
Cote d'Ivoire,CIV,2015,45815005171,45815
Cote d'Ivoire,CIV,2016,48407761032,48408
Cote d'Ivoire,CIV,2017,52512344034,52512
Cote d'Ivoire,CIV,2018,58522477745,58522
Cote d'Ivoire,CIV,2019,59898479821,59898
Cote d'Ivoire,CIV,2020,62982768372,62983
Cote d'Ivoire,CIV,2021,71811075955,71811
Cote d'Ivoire,CIV,2022,70018715017,70019
Croatia,HRV,2013,59363124069,59363
Croatia,HRV,2014,59214461630,59214
Croatia,HRV,2015,50742086223,50742
Croatia,HRV,2016,52391038979,52391
Croatia,HRV,2017,55937483558,55937
Croatia,HRV,2018,61330483610,61330
Croatia,HRV,2019,61329267533,61329
Croatia,HRV,2020,57624938982,57625
Croatia,HRV,2021,68843674641,68844
Croatia,HRV,2022,70964606465,70965
Cuba,CUB,2013,77148000000,77148
Cuba,CUB,2014,80656000000,80656
Cuba,CUB,2015,87133000000,87133
Cuba,CUB,2016,91370000000,91370
Cuba,CUB,2017,96851000000,96851
Cuba,CUB,2018,100050000000,100050
Cuba,CUB,2019,103428000000,103428
Cuba,CUB,2020,107352000000,107352
Cuba,CUB,2021,107352000000,107352
Cuba,CUB,2022,107352000000,107352
Cyprus,CYP,2013,23959708956,23960
Cyprus,CYP,2014,23225912183,23226
Cyprus,CYP,2015,19909269065,19909
Cyprus,CYP,2016,21046452117,21046
Cyprus,CYP,2017,22946583376,22947
Cyprus,CYP,2018,25597301191,25597
Cyprus,CYP,2019,25945194240,25945
Cyprus,CYP,2020,25008266159,25008
Cyprus,CYP,2021,28408064462,28408
Cyprus,CYP,2022,28439052741,28439
Czech Republic,CZE,2013,211685616593,211686
Czech Republic,CZE,2014,209358834156,209359
Czech Republic,CZE,2015,188033050460,188033
Czech Republic,CZE,2016,196272068576,196272
Czech Republic,CZE,2017,218628940952,218629
Czech Republic,CZE,2018,249000540729,249000
Czech Republic,CZE,2019,252548179965,252548
Czech Republic,CZE,2020,245974558654,245974
Czech Republic,CZE,2021,281791218507,281791
Czech Republic,CZE,2022,290923534701,290923
Democratic Republic of Congo,COD,2013,32679745036,32680
Democratic Republic of Congo,COD,2014,35909040944,35909
Democratic Republic of Congo,COD,2015,37917706486,37918
Democratic Republic of Congo,COD,2016,37134801549,37135
Democratic Republic of Congo,COD,2017,38019264805,38019
Democratic Republic of Congo,COD,2018,47568210021,47568
Democratic Republic of Congo,COD,2019,51775829869,51776
Democratic Republic of Congo,COD,2020,48716961865,48717
Democratic Republic of Congo,COD,2021,55350968593,55351
Democratic Republic of Congo,COD,2022,58065953573,58066
Denmark,DNK,2013,343584391648,343584
Denmark,DNK,2014,352993631618,352994
Denmark,DNK,2015,302673070847,302673
Denmark,DNK,2016,313115929314,313116
Denmark,DNK,2017,332121063806,332121
Denmark,DNK,2018,356841216410,356841
Denmark,DNK,2019,346498737962,346499
Denmark,DNK,2020,355222449505,355222
Denmark,DNK,2021,398303272764,398303
Denmark,DNK,2022,395403906582,395404
Djibouti,DJI,2013,2042817163,2043
Djibouti,DJI,2014,2214679081,2215
Djibouti,DJI,2015,2424391785,2424
Djibouti,DJI,2016,2604955229,2605
Djibouti,DJI,2017,2762581334,2763
Djibouti,DJI,2018,2913466732,2913
Djibouti,DJI,2019,3088853639,3089
Djibouti,DJI,2020,3181071154,3181
Djibouti,DJI,2021,3372287462,3372
Djibouti,DJI,2022,3515109075,3515
Dominica,DMA,2013,"498296296,3",498
Dominica,DMA,2014,"520207407,4",520
Dominica,DMA,2015,540737037,541
Dominica,DMA,2016,"576229629,6",576
Dominica,DMA,2017,"521551851,9",522
Dominica,DMA,2018,"554770370,4",555
Dominica,DMA,2019,611537037,612
Dominica,DMA,2020,"504214814,8",504
Dominica,DMA,2021,"555266666,7",555
Dominica,DMA,2022,"612048148,1",612
Dominican Republic,DOM,2013,62682158700,62682
Dominican Republic,DOM,2014,67179956265,67180
Dominican Republic,DOM,2015,71164826720,71165
Dominican Republic,DOM,2016,75704647977,75705
Dominican Republic,DOM,2017,79998045976,79998
Dominican Republic,DOM,2018,85555390386,85555
Dominican Republic,DOM,2019,88941371980,88941
Dominican Republic,DOM,2020,78844655833,78845
Dominican Republic,DOM,2021,94243426487,94243
Dominican Republic,DOM,2022,113641857434,113642
Ecuador,ECU,2013,95129659000,95130
Ecuador,ECU,2014,101726331000,101726
Ecuador,ECU,2015,99290381000,99290
Ecuador,ECU,2016,99937696000,99938
Ecuador,ECU,2017,104295862000,104296
Ecuador,ECU,2018,107562008000,107562
Ecuador,ECU,2019,108108009000,108108
Ecuador,ECU,2020,99291124000,99291
Ecuador,ECU,2021,106165866000,106166
Ecuador,ECU,2022,115049476000,115049
Egypt,EGY,2013,288434108527,288434
Egypt,EGY,2014,305595408895,305595
Egypt,EGY,2015,329366576819,329366
Egypt,EGY,2016,332441717791,332442
Egypt,EGY,2017,248362771739,248363
Egypt,EGY,2018,262588632527,262589
Egypt,EGY,2019,318678815490,318679
Egypt,EGY,2020,383817841547,383818
Egypt,EGY,2021,424671765456,424672
Egypt,EGY,2022,476747720365,476748
El Salvador,SLV,2013,21990960000,21991
El Salvador,SLV,2014,22593470000,22593
El Salvador,SLV,2015,23438240000,23438
El Salvador,SLV,2016,24191430000,24191
El Salvador,SLV,2017,24979190000,24979
El Salvador,SLV,2018,26020850000,26021
El Salvador,SLV,2019,26881140000,26881
El Salvador,SLV,2020,24930080000,24930
El Salvador,SLV,2021,29451240000,29451
El Salvador,SLV,2022,32488720000,32489
Equatorial Guinea,GNQ,2013,21948834290,21949
Equatorial Guinea,GNQ,2014,21765453087,21765
Equatorial Guinea,GNQ,2015,13185496881,13185
Equatorial Guinea,GNQ,2016,11240808847,11241
Equatorial Guinea,GNQ,2017,12200913888,12201
Equatorial Guinea,GNQ,2018,13097012124,13097
Equatorial Guinea,GNQ,2019,11364133546,11364
Equatorial Guinea,GNQ,2020,10099157996,10099
Equatorial Guinea,GNQ,2021,12269393392,12269
Equatorial Guinea,GNQ,2022,11813908448,11814
Estonia,EST,2013,25115753366,25116
Estonia,EST,2014,26634083965,26634
Estonia,EST,2015,22890762090,22891
Estonia,EST,2016,24072829277,24073
Estonia,EST,2017,26924385103,26924
Estonia,EST,2018,30624720196,30625
Estonia,EST,2019,31081901909,31082
Estonia,EST,2020,31370395573,31370
Estonia,EST,2021,37191166152,37191
Estonia,EST,2022,38100812959,38101
Ethiopia,ETH,2013,47648276190,47648
Ethiopia,ETH,2014,55612228234,55612
Ethiopia,ETH,2015,64589329345,64589
Ethiopia,ETH,2016,74296745599,74297
Ethiopia,ETH,2017,81770886909,81771
Ethiopia,ETH,2018,84269196152,84269
Ethiopia,ETH,2019,95912607970,95913
Ethiopia,ETH,2020,107657734392,107658
Ethiopia,ETH,2021,111261882913,111262
Ethiopia,ETH,2022,126783472501,126783
Fiji,FJI,2013,4189968870,4190
Fiji,FJI,2014,4857103847,4857
Fiji,FJI,2015,4682480304,4682
Fiji,FJI,2016,4930213788,4930
Fiji,FJI,2017,5353468388,5353
Fiji,FJI,2018,5581425891,5581
Fiji,FJI,2019,5481692622,5482
Fiji,FJI,2020,4477030180,4477
Fiji,FJI,2021,4296235428,4296
Fiji,FJI,2022,4943248200,4943
Finland,FIN,2013,271362405891,271362
Finland,FIN,2014,274862826772,274863
Finland,FIN,2015,234534382385,234534
Finland,FIN,2016,240771351299,240771
Finland,FIN,2017,255647979916,255648
Finland,FIN,2018,275708001768,275708
Finland,FIN,2019,268514916973,268515
Finland,FIN,2020,271886077382,271886
Finland,FIN,2021,296387625264,296388
Finland,FIN,2022,280825957768,280826
France,FRA,2013,2811876903329,2811876
France,FRA,2014,2855964488590,2855964
France,FRA,2015,2439188643163,2439188
France,FRA,2016,2472964344587,2472964
France,FRA,2017,2595151045198,2595150
France,FRA,2018,2790956878747,2790956
France,FRA,2019,2728870246706,2728869
France,FRA,2020,2639008701648,2639008
France,FRA,2021,2957879759264,2957879
France,FRA,2022,2782905325625,2782904
Gabon,GAB,2013,17595744804,17596
Gabon,GAB,2014,18203966900,18204
Gabon,GAB,2015,14383107763,14383
Gabon,GAB,2016,14023890264,14024
Gabon,GAB,2017,14929487496,14929
Gabon,GAB,2018,16867326390,16867
Gabon,GAB,2019,16874405460,16874
Gabon,GAB,2020,15314577168,15315
Gabon,GAB,2021,20217946921,20218
Gabon,GAB,2022,21071739228,21072
Gambia,GMB,2013,1375609460,1376
Gambia,GMB,2014,1229461732,1229
Gambia,GMB,2015,1378176606,1378
Gambia,GMB,2016,1484578897,1485
Gambia,GMB,2017,1504909448,1505
Gambia,GMB,2018,1670671340,1671
Gambia,GMB,2019,1813609679,1814
Gambia,GMB,2020,1812170878,1812
Gambia,GMB,2021,2038414974,2038
Gambia,GMB,2022,2273060863,2273
Georgia,GEO,2013,17190068236,17190
Georgia,GEO,2014,17627336228,17627
Georgia,GEO,2015,14953675993,14954
Georgia,GEO,2016,15141598623,15142
Georgia,GEO,2017,16242647230,16243
Georgia,GEO,2018,17596922470,17597
Georgia,GEO,2019,17470436259,17470
Georgia,GEO,2020,15842922533,15843
Georgia,GEO,2021,18629365612,18629
Georgia,GEO,2022,24605375420,24605
Germany,DEU,2013,3733804649549,3733804
Germany,DEU,2014,3889093051023,3889092
Germany,DEU,2015,3357585719352,3357585
Germany,DEU,2016,3469853463946,3469852
Germany,DEU,2017,3690849152518,3690848
Germany,DEU,2018,3974443355020,3974442
Germany,DEU,2019,3888226035921,3888225
Germany,DEU,2020,3889668895300,3889668
Germany,DEU,2021,4259934911822,4259934
Germany,DEU,2022,4072191736090,4072191
Ghana,GHA,2013,62824629066,62825
Ghana,GHA,2014,54783320577,54783
Ghana,GHA,2015,49406014245,49406
Ghana,GHA,2016,56164933479,56165
Ghana,GHA,2017,60405920071,60406
Ghana,GHA,2018,67298913752,67299
Ghana,GHA,2019,68337974419,68338
Ghana,GHA,2020,70043095503,70043
Ghana,GHA,2021,79156409410,79156
Ghana,GHA,2022,72838798788,72839
Greece,GRC,2013,238907690051,238908
Greece,GRC,2014,235458133125,235458
Greece,GRC,2015,195683527003,195683
Greece,GRC,2016,193148146587,193148
Greece,GRC,2017,199844406014,199844
Greece,GRC,2018,212049447242,212049
Greece,GRC,2019,205257014892,205257
Greece,GRC,2020,188925995937,188926
Greece,GRC,2021,214873879834,214874
Greece,GRC,2022,219065872466,219066
Greenland,GRL,2013,2684947140,2685
Greenland,GRL,2014,2842065877,2842
Greenland,GRL,2015,2499113085,2499
Greenland,GRL,2016,2707146783,2707
Greenland,GRL,2017,2851610656,2852
Greenland,GRL,2018,3055791341,3056
Greenland,GRL,2019,2997331094,2997
Greenland,GRL,2020,3082909158,3083
Greenland,GRL,2021,3235816195,3236
Greenland,GRL,2022,3235816195,3236
Grenada,GRD,2013,"842618518,5",843
Grenada,GRD,2014,"911496296,3",911
Grenada,GRD,2015,"997007407,4",997
Grenada,GRD,2016,1061640741,1062
Grenada,GRD,2017,1125685185,1126
Grenada,GRD,2018,1166514815,1167
Grenada,GRD,2019,1213485185,1213
Grenada,GRD,2020,1043411111,1043
Grenada,GRD,2021,1122800000,1123
Grenada,GRD,2022,1256413185,1256
Guam,GUM,2013,5399000000,5399
Guam,GUM,2014,5610000000,5610
Guam,GUM,2015,5799000000,5799
Guam,GUM,2016,5901000000,5901
Guam,GUM,2017,6013000000,6013
Guam,GUM,2018,6056000000,6056
Guam,GUM,2019,6366000000,6366
Guam,GUM,2020,5886000000,5886
Guam,GUM,2021,6123000000,6123
Guam,GUM,2022,6123000000,6123
Guatemala,GTM,2013,52996447956,52996
Guatemala,GTM,2014,57852150565,57852
Guatemala,GTM,2015,62186064719,62186
Guatemala,GTM,2016,66053402745,66053
Guatemala,GTM,2017,71653756504,71654
Guatemala,GTM,2018,73328369926,73328
Guatemala,GTM,2019,77172313916,77172
Guatemala,GTM,2020,77715183063,77715
Guatemala,GTM,2021,86053079767,86053
Guatemala,GTM,2022,95003333381,95003
Guinea,GIN,2013,8376613880,8377
Guinea,GIN,2014,8778473643,8778
Guinea,GIN,2015,8794202395,8794
Guinea,GIN,2016,8595955601,8596
Guinea,GIN,2017,10324668271,10325
Guinea,GIN,2018,11857030366,11857
Guinea,GIN,2019,13442861497,13443
Guinea,GIN,2020,14177835841,14178
Guinea,GIN,2021,16091817842,16092
Guinea,GIN,2022,21227749389,21228
Guinea-Bissau,GNB,2013,1046087367,1046
Guinea-Bissau,GNB,2014,1054915581,1055
Guinea-Bissau,GNB,2015,1048229633,1048
Guinea-Bissau,GNB,2016,1179004911,1179
Guinea-Bissau,GNB,2017,1350177012,1350
Guinea-Bissau,GNB,2018,1504630234,1505
Guinea-Bissau,GNB,2019,1439638411,1440
Guinea-Bissau,GNB,2020,1431758232,1432
Guinea-Bissau,GNB,2021,1638517607,1639
Guinea-Bissau,GNB,2022,1633559092,1634
Guyana,GUY,2013,4167800936,4168
Guyana,GUY,2014,4127660158,4128
Guyana,GUY,2015,4279840194,4280
Guyana,GUY,2016,4482697337,4483
Guyana,GUY,2017,4748174334,4748
Guyana,GUY,2018,4787637006,4788
Guyana,GUY,2019,5173760192,5174
Guyana,GUY,2020,5471256595,5471
Guyana,GUY,2021,8044498801,8044
Guyana,GUY,2022,15357537068,15358
Haiti,HTI,2013,14902488489,14902
Haiti,HTI,2014,15146883647,15147
Haiti,HTI,2015,14849629408,14850
Haiti,HTI,2016,14069277532,14069
Haiti,HTI,2017,15093357143,15093
Haiti,HTI,2018,16403864521,16404
Haiti,HTI,2019,15016090930,15016
Haiti,HTI,2020,14508222518,14508
Haiti,HTI,2021,20877414952,20877
Haiti,HTI,2022,20253551885,20254
Honduras,HND,2013,18499729063,18500
Honduras,HND,2014,19756533658,19757
Honduras,HND,2015,20979791685,20980
Honduras,HND,2016,21717604581,21718
Honduras,HND,2017,23136248046,23136
Honduras,HND,2018,24067750466,24068
Honduras,HND,2019,25089937109,25090
Honduras,HND,2020,23827859695,23828
Honduras,HND,2021,28488721296,28489
Honduras,HND,2022,31717700115,31718
Hungary,HUN,2013,135684315698,135684
Hungary,HUN,2014,141033843266,141034
Hungary,HUN,2015,125174166987,125174
Hungary,HUN,2016,128609822750,128610
Hungary,HUN,2017,143112196040,143112
Hungary,HUN,2018,160565642984,160566
Hungary,HUN,2019,164020460332,164020
Hungary,HUN,2020,157227094449,157227
Hungary,HUN,2021,182275444032,182275
Hungary,HUN,2022,178788572068,178789
Iceland,ISL,2013,16125060515,16125
Iceland,ISL,2014,17867662178,17868
Iceland,ISL,2015,17517210519,17517
Iceland,ISL,2016,20793168031,20793
Iceland,ISL,2017,24728285177,24728
Iceland,ISL,2018,26260850582,26261
Iceland,ISL,2019,24663643102,24664
Iceland,ISL,2020,21553080484,21553
Iceland,ISL,2021,25552639899,25553
Iceland,ISL,2022,27841648044,27842
India,IND,2013,1856721494835,1856721
India,IND,2014,2039126469963,2039126
India,IND,2015,2103588347242,2103588
India,IND,2016,2294796889945,2294796
India,IND,2017,2651474263257,2651473
India,IND,2018,2702929639862,2702929
India,IND,2019,2835606242052,2835605
India,IND,2020,2671595389576,2671595
India,IND,2021,3150306834280,3150306
India,IND,2022,3385089881935,3385089
Indonesia,IDN,2013,912524136718,912524
Indonesia,IDN,2014,890814755511,890814
Indonesia,IDN,2015,860854232718,860854
Indonesia,IDN,2016,931877364034,931877
Indonesia,IDN,2017,1015618744168,1015618
Indonesia,IDN,2018,1042271532953,1042271
Indonesia,IDN,2019,1119099871386,1119100
Indonesia,IDN,2020,1059054842712,1059055
Indonesia,IDN,2021,1186505455721,1186505
Indonesia,IDN,2022,1319100220389,1319100
Iran,IRN,2013,492775566435,492775
Iran,IRN,2014,460382791489,460383
Iran,IRN,2015,408212917872,408213
Iran,IRN,2016,457954614595,457954
Iran,IRN,2017,486630147095,486630
Iran,IRN,2018,327900695066,327901
Iran,IRN,2019,283649531543,283649
Iran,IRN,2020,239735486746,239735
Iran,IRN,2021,359096907773,359097
Iran,IRN,2022,388544468140,388544
Iraq,IRQ,2013,234637675129,234638
Iraq,IRQ,2014,228415656175,228416
Iraq,IRQ,2015,166774104911,166774
Iraq,IRQ,2016,166602488748,166602
Iraq,IRQ,2017,187217660051,187218
Iraq,IRQ,2018,227367469034,227367
Iraq,IRQ,2019,233636097800,233636
Iraq,IRQ,2020,180924091443,180924
Iraq,IRQ,2021,207691599310,207692
Iraq,IRQ,2022,264182173793,264182
Ireland,IRL,2013,238340859897,238341
Ireland,IRL,2014,259170903648,259171
Ireland,IRL,2015,291775166507,291775
Ireland,IRL,2016,299091127525,299091
Ireland,IRL,2017,336377500161,336377
Ireland,IRL,2018,385736680797,385737
Ireland,IRL,2019,399321701632,399322
Ireland,IRL,2020,425852281928,425852
Ireland,IRL,2021,504182603276,504182
Ireland,IRL,2022,529244870223,529245
Israel,ISR,2013,297732778479,297733
Israel,ISR,2014,314330061977,314330
Israel,ISR,2015,303414276832,303414
Israel,ISR,2016,322102790387,322103
Israel,ISR,2017,358245427459,358245
Israel,ISR,2018,376691526553,376691
Israel,ISR,2019,402470513619,402470
Israel,ISR,2020,413267669232,413268
Israel,ISR,2021,488526545879,488526
Israel,ISR,2022,522033446212,522033
Italy,ITA,2013,2141924094299,2141923
Italy,ITA,2014,2162009615997,2162009
Italy,ITA,2015,1836637711061,1836637
Italy,ITA,2016,1877071687634,1877071
Italy,ITA,2017,1961796197354,1961796
Italy,ITA,2018,2091932426267,2091932
Italy,ITA,2019,2011302198827,2011302
Italy,ITA,2020,1897210466668,1897210
Italy,ITA,2021,2114355756914,2114355
Italy,ITA,2022,2010431598465,2010431
Jamaica,JAM,2013,14264205124,14264
Jamaica,JAM,2014,13899225340,13899
Jamaica,JAM,2015,14188938781,14189
Jamaica,JAM,2016,14077105503,14077
Jamaica,JAM,2017,14808984881,14809
Jamaica,JAM,2018,15730791526,15731
Jamaica,JAM,2019,15830766372,15831
Jamaica,JAM,2020,13812421859,13812
Jamaica,JAM,2021,14657586359,14658
Jamaica,JAM,2022,17097760745,17098
Japan,JPN,2013,5212328181166,5212327
Japan,JPN,2014,4896994405353,4896993
Japan,JPN,2015,4444930651964,4444929
Japan,JPN,2016,5003677627544,5003676
Japan,JPN,2017,4930837369151,4930836
Japan,JPN,2018,5040880939325,5040879
Japan,JPN,2019,5117993853017,5117992
Japan,JPN,2020,5048789595589,5048788
Japan,JPN,2021,5005536736792,5005535
Japan,JPN,2022,4231141201863,4231140
Jordan,JOR,2013,34454440141,34454
Jordan,JOR,2014,36847643521,36848
Jordan,JOR,2015,38587017887,38587
Jordan,JOR,2016,39892551127,39893
Jordan,JOR,2017,41608435915,41608
Jordan,JOR,2018,43370860704,43371
Jordan,JOR,2019,44503005775,44503
Jordan,JOR,2020,43579916197,43580
Jordan,JOR,2021,45116317042,45116
Jordan,JOR,2022,47451499859,47451
Kazakhstan,KAZ,2013,236634603928,236635
Kazakhstan,KAZ,2014,221415614007,221416
Kazakhstan,KAZ,2015,184388404429,184388
Kazakhstan,KAZ,2016,137278320084,137278
Kazakhstan,KAZ,2017,166805788967,166806
Kazakhstan,KAZ,2018,179339977517,179340
Kazakhstan,KAZ,2019,181667185041,181667
Kazakhstan,KAZ,2020,171082365723,171082
Kazakhstan,KAZ,2021,197112255361,197112
Kazakhstan,KAZ,2022,220623001967,220623
Kenya,KEN,2013,61671440481,61671
Kenya,KEN,2014,68285796663,68286
Kenya,KEN,2015,70120446664,70120
Kenya,KEN,2016,74815143796,74815
Kenya,KEN,2017,82036511259,82036
Kenya,KEN,2018,92202979941,92203
Kenya,KEN,2019,100378435824,100378
Kenya,KEN,2020,100657505601,100657
Kenya,KEN,2021,109703659313,109704
Kenya,KEN,2022,113420008179,113420
Kiribati,KIR,2013,"184543103,7",185
Kiribati,KIR,2014,"177868153,1",178
Kiribati,KIR,2015,"170292283,2",170
Kiribati,KIR,2016,"178507958,1",179
Kiribati,KIR,2017,"188540699,1",189
Kiribati,KIR,2018,"196501504,2",197
Kiribati,KIR,2019,"175181684,8",175
Kiribati,KIR,2020,"177553260,1",178
Kiribati,KIR,2021,"227610034,8",228
Kiribati,KIR,2022,"223352943,2",223
Kuwait,KWT,2013,174167626657,174168
Kuwait,KWT,2014,162650191195,162650
Kuwait,KWT,2015,114585567440,114586
Kuwait,KWT,2016,109406169163,109406
Kuwait,KWT,2017,120687635952,120688
Kuwait,KWT,2018,138202309919,138202
Kuwait,KWT,2019,136191752591,136192
Kuwait,KWT,2020,105948765156,105949
Kuwait,KWT,2021,136797422274,136797
Kuwait,KWT,2022,184558274289,184558
Kyrgyzstan,KGZ,2013,7335033799,7335
Kyrgyzstan,KGZ,2014,7468102369,7468
Kyrgyzstan,KGZ,2015,6678177483,6678
Kyrgyzstan,KGZ,2016,6813095396,6813
Kyrgyzstan,KGZ,2017,7702938395,7703
Kyrgyzstan,KGZ,2018,8271106196,8271
Kyrgyzstan,KGZ,2019,8871019823,8871
Kyrgyzstan,KGZ,2020,7780873259,7781
Kyrgyzstan,KGZ,2021,8740681889,8741
Kyrgyzstan,KGZ,2022,10930644915,10931
Laos,LAO,2013,11983252627,11983
Laos,LAO,2014,13279248479,13279
Laos,LAO,2015,14426381187,14426
Laos,LAO,2016,15912495369,15912
Laos,LAO,2017,17071162084,17071
Laos,LAO,2018,18141651381,18142
Laos,LAO,2019,18740559554,18741
Laos,LAO,2020,18981800705,18982
Laos,LAO,2021,18827148530,18827
Laos,LAO,2022,15724383783,15724
Latvia,LVA,2013,30204783462,30205
Latvia,LVA,2014,31386896487,31387
Latvia,LVA,2015,27263090547,27263
Latvia,LVA,2016,28083597512,28084
Latvia,LVA,2017,30483806018,30484
Latvia,LVA,2018,34429023435,34429
Latvia,LVA,2019,34343961073,34344
Latvia,LVA,2020,34601740323,34602
Latvia,LVA,2021,39725383601,39725
Latvia,LVA,2022,41153912663,41154
Lebanon,LBN,2013,46880103081,46880
Lebanon,LBN,2014,48095213746,48095
Lebanon,LBN,2015,49929337837,49929
Lebanon,LBN,2016,51147308774,51147
Lebanon,LBN,2017,53027680686,53028
Lebanon,LBN,2018,54901519156,54902
Lebanon,LBN,2019,51605959131,51606
Lebanon,LBN,2020,31712128254,31712
Lebanon,LBN,2021,23131941557,23132
Lebanon,LBN,2022,23131941557,23132
Lesotho,LSO,2013,2367113170,2367
Lesotho,LSO,2014,2441063169,2441
Lesotho,LSO,2015,2359754088,2360
Lesotho,LSO,2016,2114426469,2114
Lesotho,LSO,2017,2306741599,2307
Lesotho,LSO,2018,2556247156,2556
Lesotho,LSO,2019,2436029588,2436
Lesotho,LSO,2020,2117736528,2118
Lesotho,LSO,2021,2373416269,2373
Lesotho,LSO,2022,2553459763,2553
Liberia,LBR,2013,3177198100,3177
Liberia,LBR,2014,3225652000,3226
Liberia,LBR,2015,3227075700,3227
Liberia,LBR,2016,3398419600,3398
Liberia,LBR,2017,3390703400,3391
Liberia,LBR,2018,3422754800,3423
Liberia,LBR,2019,3319596500,3320
Liberia,LBR,2020,3039982500,3040
Liberia,LBR,2021,3509000000,3509
Liberia,LBR,2022,4001047150,4001
Libya,LBY,2013,75351117628,75351
Libya,LBY,2014,57372352562,57372
Libya,LBY,2015,48717506273,48717
Libya,LBY,2016,49912085228,49912
Libya,LBY,2017,67157451660,67157
Libya,LBY,2018,76686048499,76686
Libya,LBY,2019,69254143968,69254
Libya,LBY,2020,46808208747,46808
Libya,LBY,2021,39798423941,39798
Libya,LBY,2022,45752336036,45752
Lithuania,LTU,2013,46523420074,46523
Lithuania,LTU,2014,48533659592,48534
Lithuania,LTU,2015,41435533340,41436
Lithuania,LTU,2016,43047309306,43047
Lithuania,LTU,2017,47758736932,47759
Lithuania,LTU,2018,53751411409,53751
Lithuania,LTU,2019,54760617013,54761
Lithuania,LTU,2020,56914826861,56915
Lithuania,LTU,2021,66414994992,66415
Lithuania,LTU,2022,70334299008,70334
Luxembourg,LUX,2013,65203276467,65203
Luxembourg,LUX,2014,68804811898,68805
Luxembourg,LUX,2015,60071584216,60072
Luxembourg,LUX,2016,62216885436,62217
Luxembourg,LUX,2017,65712180343,65712
Luxembourg,LUX,2018,71000359760,71000
Luxembourg,LUX,2019,69825641851,69826
Luxembourg,LUX,2020,73992591285,73993
Luxembourg,LUX,2021,85506243834,85506
Luxembourg,LUX,2022,82274812251,82275
Macedonia,MKD,2013,10817702424,10818
Macedonia,MKD,2014,11362265294,11362
Macedonia,MKD,2015,10064519963,10065
Macedonia,MKD,2016,10672467073,10672
Macedonia,MKD,2017,11307067001,11307
Macedonia,MKD,2018,12683068033,12683
Macedonia,MKD,2019,12606338449,12606
Macedonia,MKD,2020,12363580535,12364
Macedonia,MKD,2021,13825049832,13825
Macedonia,MKD,2022,13563132057,13563
Madagascar,MDG,2013,12423555457,12424
Madagascar,MDG,2014,12522957401,12523
Madagascar,MDG,2015,11323020700,11323
Madagascar,MDG,2016,11848613860,11849
Madagascar,MDG,2017,13176313594,13176
Madagascar,MDG,2018,13760033283,13760
Madagascar,MDG,2019,14104664678,14105
Madagascar,MDG,2020,13051441203,13051
Madagascar,MDG,2021,14554754115,14555
Madagascar,MDG,2022,14954967604,14955
Malawi,MWI,2013,8031571928,8032
Malawi,MWI,2014,8801326169,8801
Malawi,MWI,2015,9219474373,9219
Malawi,MWI,2016,7909868618,7910
Malawi,MWI,2017,8943543677,8944
Malawi,MWI,2018,9880675786,9881
Malawi,MWI,2019,11025371147,11025
Malawi,MWI,2020,12056108780,12056
Malawi,MWI,2021,12602334124,12602
Malawi,MWI,2022,13164667627,13165
Malaysia,MYS,2013,323276281683,323276
Malaysia,MYS,2014,338066121289,338066
Malaysia,MYS,2015,301354783699,301355
Malaysia,MYS,2016,301255332137,301255
Malaysia,MYS,2017,319109103242,319109
Malaysia,MYS,2018,358788833525,358789
Malaysia,MYS,2019,365177744321,365178
Malaysia,MYS,2020,337339463180,337339
Malaysia,MYS,2021,372981073018,372981
Malaysia,MYS,2022,406305924656,406306
Maldives,MDV,2013,3295009231,3295
Maldives,MDV,2014,3697353155,3697
Maldives,MDV,2015,4109416450,4109
Maldives,MDV,2016,4379134273,4379
Maldives,MDV,2017,4754185599,4754
Maldives,MDV,2018,5300949823,5301
Maldives,MDV,2019,5609385434,5609
Maldives,MDV,2020,3746329358,3746
Maldives,MDV,2021,5405557162,5406
Maldives,MDV,2022,6189865408,6190
Mali,MLI,2013,13242690790,13243
Mali,MLI,2014,14364937128,14365
Mali,MLI,2015,13104764379,13105
Mali,MLI,2016,14026048334,14026
Mali,MLI,2017,15365713059,15366
Mali,MLI,2018,17070867578,17071
Mali,MLI,2019,17280250805,17280
Mali,MLI,2020,17465392779,17465
Mali,MLI,2021,19309463506,19309
Mali,MLI,2022,18827176532,18827
Malta,MLT,2013,10550968139,10551
Malta,MLT,2014,11625843214,11626
Malta,MLT,2015,11091467514,11091
Malta,MLT,2016,11667976403,11668
Malta,MLT,2017,13489296992,13489
Malta,MLT,2018,15298004130,15298
Malta,MLT,2019,15881258056,15881
Malta,MLT,2020,15046136935,15046
Malta,MLT,2021,17743376199,17743
Malta,MLT,2022,17765270015,17765
Marshall Islands,MHL,2013,185468000,185
Marshall Islands,MHL,2014,185172900,185
Marshall Islands,MHL,2015,182997300,183
Marshall Islands,MHL,2016,200716000,201
Marshall Islands,MHL,2017,212701200,213
Marshall Islands,MHL,2018,219330300,219
Marshall Islands,MHL,2019,232092300,232
Marshall Islands,MHL,2020,241722400,242
Marshall Islands,MHL,2021,259538700,260
Marshall Islands,MHL,2022,279667900,280
Mauritania,MRT,2013,7223071177,7223
Mauritania,MRT,2014,6592537782,6593
Mauritania,MRT,2015,6166863960,6167
Mauritania,MRT,2016,6398741856,6399
Mauritania,MRT,2017,6800138755,6800
Mauritania,MRT,2018,7473550557,7474
Mauritania,MRT,2019,8066118984,8066
Mauritania,MRT,2020,8405498736,8405
Mauritania,MRT,2021,9996240419,9996
Mauritania,MRT,2022,10375460680,10375
Mauritius,MUS,2013,12292974008,12293
Mauritius,MUS,2014,13074130094,13074
Mauritius,MUS,2015,12007291046,12007
Mauritius,MUS,2016,12594155346,12594
Mauritius,MUS,2017,13713505998,13714
Mauritius,MUS,2018,14735695931,14736
Mauritius,MUS,2019,14436347115,14436
Mauritius,MUS,2020,11401040996,11401
Mauritius,MUS,2021,11476433604,11476
Mauritius,MUS,2022,12898307089,12898
Mexico,MEX,2013,1274443916252,1274444
Mexico,MEX,2014,1315356131262,1315356
Mexico,MEX,2015,1171870072963,1171870
Mexico,MEX,2016,1078493059307,1078493
Mexico,MEX,2017,1158912015259,1158912
Mexico,MEX,2018,1222405556421,1222405
Mexico,MEX,2019,1269009571611,1269009
Mexico,MEX,2020,1090514966786,1090515
Mexico,MEX,2021,1272838810896,1272838
Mexico,MEX,2022,1414187193992,1414187
Micronesia (country),FSM,2013,317214400,317
Micronesia (country),FSM,2014,319271200,319
Micronesia (country),FSM,2015,316489900,316
Micronesia (country),FSM,2016,332265200,332
Micronesia (country),FSM,2017,366666800,367
Micronesia (country),FSM,2018,401932300,402
Micronesia (country),FSM,2019,412000000,412
Micronesia (country),FSM,2020,408000000,408
Micronesia (country),FSM,2021,404028900,404
Micronesia (country),FSM,2022,"427094119,1",427
Moldova,MDA,2013,9496717701,9497
Moldova,MDA,2014,9399833207,9400
Moldova,MDA,2015,7798692878,7799
Moldova,MDA,2016,7982450758,7982
Moldova,MDA,2017,9519053158,9519
Moldova,MDA,2018,11253727815,11254
Moldova,MDA,2019,11735774634,11736
Moldova,MDA,2020,11531967881,11532
Moldova,MDA,2021,13692230147,13692
Moldova,MDA,2022,14420947884,14421
Mongolia,MNG,2013,12582122604,12582
Mongolia,MNG,2014,12226514666,12227
Mongolia,MNG,2015,11619892593,11620
Mongolia,MNG,2016,11181350649,11181
Mongolia,MNG,2017,11480847740,11481
Mongolia,MNG,2018,13178094720,13178
Mongolia,MNG,2019,14206359016,14206
Mongolia,MNG,2020,13312981427,13313
Mongolia,MNG,2021,15286441740,15286
Mongolia,MNG,2022,16810883361,16811
Montenegro,MNE,2013,4465771673,4466
Montenegro,MNE,2014,4593852089,4594
Montenegro,MNE,2015,4054728173,4055
Montenegro,MNE,2016,4376929572,4377
Montenegro,MNE,2017,4856602179,4857
Montenegro,MNE,2018,5506944403,5507
Montenegro,MNE,2019,5542053845,5542
Montenegro,MNE,2020,4769995512,4770
Montenegro,MNE,2021,5861430526,5861
Montenegro,MNE,2022,6095978868,6096
Morocco,MAR,2013,115739288447,115739
Morocco,MAR,2014,119130845829,119131
Morocco,MAR,2015,110413820681,110414
Morocco,MAR,2016,111572946647,111573
Morocco,MAR,2017,118540574728,118541
Morocco,MAR,2018,127341141871,127341
Morocco,MAR,2019,128920265076,128920
Morocco,MAR,2020,121347533650,121347
Morocco,MAR,2021,142866583125,142867
Morocco,MAR,2022,134181587770,134182
Mozambique,MOZ,2013,16974314296,16974
Mozambique,MOZ,2014,17716091057,17716
Mozambique,MOZ,2015,15950979333,15951
Mozambique,MOZ,2016,11936993087,11937
Mozambique,MOZ,2017,13219079498,13219
Mozambique,MOZ,2018,14845400593,14845
Mozambique,MOZ,2019,15390031040,15390
Mozambique,MOZ,2020,14156864916,14157
Mozambique,MOZ,2021,15776757420,15777
Mozambique,MOZ,2022,17851491428,17851
Myanmar,MMR,2013,60572257122,60572
Myanmar,MMR,2014,63264892768,63265
Myanmar,MMR,2015,63045306514,63045
Myanmar,MMR,2016,60291738935,60292
Myanmar,MMR,2017,61449391917,61449
Myanmar,MMR,2018,67144726168,67145
Myanmar,MMR,2019,68697761477,68698
Myanmar,MMR,2020,78930259069,78930
Myanmar,MMR,2021,65124769602,65125
Myanmar,MMR,2022,59364362541,59364
Namibia,NAM,2013,12043307277,12043
Namibia,NAM,2014,12435430396,12435
Namibia,NAM,2015,11335161230,11335
Namibia,NAM,2016,10722018975,10722
Namibia,NAM,2017,12895153160,12895
Namibia,NAM,2018,13682019172,13682
Namibia,NAM,2019,12541928103,12542
Namibia,NAM,2020,10583748757,10584
Namibia,NAM,2021,12446290855,12446
Namibia,NAM,2022,12607436976,12607
Nepal,NPL,2013,22162205046,22162
Nepal,NPL,2014,22731612827,22732
Nepal,NPL,2015,24360801338,24361
Nepal,NPL,2016,24524109485,24524
Nepal,NPL,2017,28971588881,28972
Nepal,NPL,2018,33111525183,33112
Nepal,NPL,2019,34186180695,34186
Nepal,NPL,2020,33433659223,33434
Nepal,NPL,2021,36924841430,36925
Nepal,NPL,2022,40828247302,40828
Netherlands,NLD,2013,877172824535,877173
Netherlands,NLD,2014,892167986714,892168
Netherlands,NLD,2015,765572770634,765573
Netherlands,NLD,2016,784060430240,784060
Netherlands,NLD,2017,833869641687,833869
Netherlands,NLD,2018,914043438180,914043
Netherlands,NLD,2019,910194347569,910194
Netherlands,NLD,2020,909793466661,909793
Netherlands,NLD,2021,1011798853062,1011799
Netherlands,NLD,2022,991114635529,991114
New Zealand,NZL,2013,190906575136,190907
New Zealand,NZL,2014,201313497221,201313
New Zealand,NZL,2015,178064471138,178064
New Zealand,NZL,2016,188838342528,188838
New Zealand,NZL,2017,206556258845,206556
New Zealand,NZL,2018,211886686924,211887
New Zealand,NZL,2019,213091987153,213092
New Zealand,NZL,2020,212569779570,212570
New Zealand,NZL,2021,255551704626,255552
New Zealand,NZL,2022,247234053739,247234
Nicaragua,NIC,2013,10982954744,10983
Nicaragua,NIC,2014,11880433903,11880
Nicaragua,NIC,2015,12756722238,12757
Nicaragua,NIC,2016,13286066155,13286
Nicaragua,NIC,2017,13785890939,13786
Nicaragua,NIC,2018,13025266513,13025
Nicaragua,NIC,2019,12699028890,12699
Nicaragua,NIC,2020,12678162359,12678
Nicaragua,NIC,2021,14145852101,14146
Nicaragua,NIC,2022,15671583878,15672
Niger,NER,2013,10224897441,10225
Niger,NER,2014,10862943546,10863
Niger,NER,2015,9683867927,9684
Niger,NER,2016,10398861981,10399
Niger,NER,2017,11185101444,11185
Niger,NER,2018,12808661487,12809
Niger,NER,2019,12916454871,12916
Niger,NER,2020,13744174582,13744
Niger,NER,2021,14915002098,14915
Niger,NER,2022,13969605583,13970
Nigeria,NGA,2013,520117163618,520117
Nigeria,NGA,2014,574183825592,574184
Nigeria,NGA,2015,493026782402,493027
Nigeria,NGA,2016,404649048648,404649
Nigeria,NGA,2017,375745732275,375746
Nigeria,NGA,2018,421739210176,421739
Nigeria,NGA,2019,474517470743,474517
Nigeria,NGA,2020,432198936002,432199
Nigeria,NGA,2021,440833583992,440833
Nigeria,NGA,2022,477386120636,477386
North Korea,PRK,2013,0,0
North Korea,PRK,2014,0,0
North Korea,PRK,2015,0,0
North Korea,PRK,2016,0,0
North Korea,PRK,2017,0,0
North Korea,PRK,2018,0,0
North Korea,PRK,2019,0,0
North Korea,PRK,2020,0,0
North Korea,PRK,2021,0,0
North Korea,PRK,2022,0,0
Northern Mariana Islands,MNP,2013,772000000,772
Northern Mariana Islands,MNP,2014,832000000,832
Northern Mariana Islands,MNP,2015,910000000,910
Northern Mariana Islands,MNP,2016,1230000000,1230
Northern Mariana Islands,MNP,2017,1560000000,1560
Northern Mariana Islands,MNP,2018,1301000000,1301
Northern Mariana Islands,MNP,2019,1181000000,1181
Northern Mariana Islands,MNP,2020,858000000,858
Northern Mariana Islands,MNP,2021,858000000,858
Northern Mariana Islands,MNP,2022,858000000,858
Norway,NOR,2013,526014468085,526014
Norway,NOR,2014,501736471833,501736
Norway,NOR,2015,388159512246,388159
Norway,NOR,2016,370956547619,370956
Norway,NOR,2017,401745275035,401745
Norway,NOR,2018,439788625884,439788
Norway,NOR,2019,408742840909,408743
Norway,NOR,2020,367633418887,367633
Norway,NOR,2021,490293364377,490293
Norway,NOR,2022,579267365866,579267
Oman,OMN,2013,89936020806,89936
Oman,OMN,2014,92699089727,92699
Oman,OMN,2015,78710793238,78711
Oman,OMN,2016,75128738622,75129
Oman,OMN,2017,80856697009,80857
Oman,OMN,2018,91505851756,91506
Oman,OMN,2019,88060858257,88061
Oman,OMN,2020,75909397659,75909
Oman,OMN,2021,88191977373,88192
Oman,OMN,2022,114667360208,114667
Pakistan,PAK,2013,231218467670,231218
Pakistan,PAK,2014,244360858683,244361
Pakistan,PAK,2015,270556104886,270556
Pakistan,PAK,2016,313629998960,313630
Pakistan,PAK,2017,339205536454,339205
Pakistan,PAK,2018,356128167703,356128
Pakistan,PAK,2019,320909472926,320909
Pakistan,PAK,2020,300425609206,300426
Pakistan,PAK,2021,348262544719,348262
Pakistan,PAK,2022,376532751807,376533
Palestine,PSE,2013,13515500000,13515
Palestine,PSE,2014,13989700000,13990
Palestine,PSE,2015,13972400000,13972
Palestine,PSE,2016,15405400000,15405
Palestine,PSE,2017,16128000000,16128
Palestine,PSE,2018,16276600000,16277
Palestine,PSE,2019,17133500000,17133
Palestine,PSE,2020,15531700000,15532
Palestine,PSE,2021,18109000000,18109
Palestine,PSE,2022,19111900000,19112
Panama,PAN,2013,45599900000,45600
Panama,PAN,2014,49921400000,49921
Panama,PAN,2015,54091800000,54092
Panama,PAN,2016,57907700000,57908
Panama,PAN,2017,62202700000,62203
Panama,PAN,2018,67294169235,67294
Panama,PAN,2019,69721787533,69722
Panama,PAN,2020,57086836942,57087
Panama,PAN,2021,67406738052,67407
Panama,PAN,2022,76522511781,76522
Papua New Guinea,PNG,2013,21261338065,21261
Papua New Guinea,PNG,2014,23210823987,23211
Papua New Guinea,PNG,2015,21723439626,21723
Papua New Guinea,PNG,2016,20758874953,20759
Papua New Guinea,PNG,2017,22742696408,22743
Papua New Guinea,PNG,2018,24109780113,24110
Papua New Guinea,PNG,2019,24751069238,24751
Papua New Guinea,PNG,2020,23848442440,23848
Papua New Guinea,PNG,2021,26311656000,26312
Papua New Guinea,PNG,2022,30633444295,30633
Paraguay,PRY,2013,38651334593,38651
Paraguay,PRY,2014,40377987315,40378
Paraguay,PRY,2015,36211372646,36211
Paraguay,PRY,2016,36089550672,36090
Paraguay,PRY,2017,38997129809,38997
Paraguay,PRY,2018,40225448651,40225
Paraguay,PRY,2019,37925338460,37925
Paraguay,PRY,2020,35432177936,35432
Paraguay,PRY,2021,39950899733,39951
Paraguay,PRY,2022,41722295362,41722
Peru,PER,2013,201175541637,201175
Peru,PER,2014,200786240837,200786
Peru,PER,2015,189802961890,189803
Peru,PER,2016,191898127861,191898
Peru,PER,2017,211007952316,211008
Peru,PER,2018,222597030191,222597
Peru,PER,2019,228325852221,228326
Peru,PER,2020,201947603715,201948
Peru,PER,2021,223717791483,223718
Peru,PER,2022,242631549613,242631
Philippines,PHL,2013,283902829721,283903
Philippines,PHL,2014,297483553300,297483
Philippines,PHL,2015,306445871632,306446
Philippines,PHL,2016,318627003966,318627
Philippines,PHL,2017,328480738147,328481
Philippines,PHL,2018,346841896890,346842
Philippines,PHL,2019,376823404773,376823
Philippines,PHL,2020,361751145432,361751
Philippines,PHL,2021,394087362017,394087
Philippines,PHL,2022,404284327312,404284
Poland,POL,2013,515762008469,515762
Poland,POL,2014,539080532037,539080
Poland,POL,2015,477111287969,477111
Poland,POL,2016,470024559638,470024
Poland,POL,2017,524641206562,524641
Poland,POL,2018,588779850763,588780
Poland,POL,2019,596058473059,596058
Poland,POL,2020,599442783603,599443
Poland,POL,2021,679441900611,679442
Poland,POL,2022,688176605955,688176
Portugal,PRT,2013,226433858006,226434
Portugal,PRT,2014,229901964222,229902
Portugal,PRT,2015,199394066525,199394
Portugal,PRT,2016,206426152309,206426
Portugal,PRT,2017,221357874719,221358
Portugal,PRT,2018,242313116578,242313
Portugal,PRT,2019,239986922639,239987
Portugal,PRT,2020,229031860521,229032
Portugal,PRT,2021,253982847571,253983
Portugal,PRT,2022,251945377529,251945
Puerto Rico,PRI,2013,102450000000,102450
Puerto Rico,PRI,2014,102445800000,102446
Puerto Rico,PRI,2015,103375500000,103375
Puerto Rico,PRI,2016,104336700000,104337
Puerto Rico,PRI,2017,103445500000,103445
Puerto Rico,PRI,2018,100958100000,100958
Puerto Rico,PRI,2019,105126400000,105126
Puerto Rico,PRI,2020,103130900000,103131
Puerto Rico,PRI,2021,106368900000,106369
Puerto Rico,PRI,2022,113434800000,113435
Qatar,QAT,2013,198727642967,198728
Qatar,QAT,2014,206224598571,206225
Qatar,QAT,2015,161739955577,161740
Qatar,QAT,2016,151732181868,151732
Qatar,QAT,2017,161099122225,161099
Qatar,QAT,2018,183334953819,183335
Qatar,QAT,2019,176371267689,176371
Qatar,QAT,2020,144411363345,144411
Qatar,QAT,2021,179677131707,179677
Qatar,QAT,2022,237295575171,237296
Romania,ROU,2013,189789277576,189789
Romania,ROU,2014,199713780259,199714
Romania,ROU,2015,177883897811,177884
Romania,ROU,2016,185287615325,185288
Romania,ROU,2017,210147181055,210147
Romania,ROU,2018,243316050521,243316
Romania,ROU,2019,251017797625,251018
Romania,ROU,2020,251362534092,251362
Romania,ROU,2021,285404683025,285405
Romania,ROU,2022,301261582924,301261
Russia,RUS,2013,2292470104248,2292469
Russia,RUS,2014,2059241582146,2059241
Russia,RUS,2015,1363482179761,1363482
Russia,RUS,2016,1276786344534,1276786
Russia,RUS,2017,1574199355093,1574199
Russia,RUS,2018,1657328764646,1657328
Russia,RUS,2019,1693114993990,1693114
Russia,RUS,2020,1493075887460,1493075
Russia,RUS,2021,1836892075548,1836892
Russia,RUS,2022,2240422438363,2240422
Rwanda,RWA,2013,7820052084,7820
Rwanda,RWA,2014,8239042500,8239
Rwanda,RWA,2015,8543869360,8544
Rwanda,RWA,2016,8695318854,8695
Rwanda,RWA,2017,9252833678,9253
Rwanda,RWA,2018,9636510839,9637
Rwanda,RWA,2019,10346675636,10347
Rwanda,RWA,2020,10172925172,10173
Rwanda,RWA,2021,11055281971,11055
Rwanda,RWA,2022,13312796765,13313
Saint Lucia,LCA,2013,1660222222,1660
Saint Lucia,LCA,2014,1749296296,1749
Saint Lucia,LCA,2015,1807222222,1807
Saint Lucia,LCA,2016,1865444444,1865
Saint Lucia,LCA,2017,1996703704,1997
Saint Lucia,LCA,2018,2057074074,2057
Saint Lucia,LCA,2019,2094185185,2094
Saint Lucia,LCA,2020,1516000000,1516
Saint Lucia,LCA,2021,1691259259,1691
Saint Lucia,LCA,2022,2065027556,2065
Saint Vincent and the Grenadines,VCT,2013,"764781259,3",765
Saint Vincent and the Grenadines,VCT,2014,"770901436,4",771
Saint Vincent and the Grenadines,VCT,2015,"786554580,8",787
Saint Vincent and the Grenadines,VCT,2016,"814302267,1",814
Saint Vincent and the Grenadines,VCT,2017,"844039068,8",844
Saint Vincent and the Grenadines,VCT,2018,"884328180,5",884
Saint Vincent and the Grenadines,VCT,2019,"910765709,8",911
Saint Vincent and the Grenadines,VCT,2020,"869111852,8",869
Saint Vincent and the Grenadines,VCT,2021,"872226063,7",872
Saint Vincent and the Grenadines,VCT,2022,"948558503,1",949
Samoa,WSM,2013,"797736265,9",798
Samoa,WSM,2014,"796683672,8",797
Samoa,WSM,2015,"824150487,2",824
Samoa,WSM,2016,"843924750,7",844
Samoa,WSM,2017,"884844419,8",885
Samoa,WSM,2018,"878448439,5",878
Samoa,WSM,2019,"912950619,4",913
Samoa,WSM,2020,"868898350,4",869
Samoa,WSM,2021,"843850777,8",844
Samoa,WSM,2022,"832421565,4",832
Sao Tome and Principe,STP,2013,"300554483,6",301
Sao Tome and Principe,STP,2014,"346528329,2",347
Sao Tome and Principe,STP,2015,"316066072,3",316
Sao Tome and Principe,STP,2016,345495615,345
Sao Tome and Principe,STP,2017,"375614126,2",376
Sao Tome and Principe,STP,2018,"412253809,7",412
Sao Tome and Principe,STP,2019,"427425039,7",427
Sao Tome and Principe,STP,2020,"472551023,6",473
Sao Tome and Principe,STP,2021,"526653790,7",527
Sao Tome and Principe,STP,2022,"546680341,6",547
Saudi Arabia,SAU,2013,753864543430,753864
Saudi Arabia,SAU,2014,766605946720,766606
Saudi Arabia,SAU,2015,669484381329,669484
Saudi Arabia,SAU,2016,665999879694,666000
Saudi Arabia,SAU,2017,714994694992,714994
Saudi Arabia,SAU,2018,846583785180,846584
Saudi Arabia,SAU,2019,838564705625,838564
Saudi Arabia,SAU,2020,734271183955,734271
Saudi Arabia,SAU,2021,868585871465,868586
Saudi Arabia,SAU,2022,1108148978218,1108149
Senegal,SEN,2013,18918667731,18919
Senegal,SEN,2014,19797253445,19797
Senegal,SEN,2015,17774766697,17775
Senegal,SEN,2016,19040312331,19040
Senegal,SEN,2017,20996562959,20997
Senegal,SEN,2018,23116701540,23117
Senegal,SEN,2019,23403995985,23404
Senegal,SEN,2020,24530513059,24531
Senegal,SEN,2021,27569136728,27569
Senegal,SEN,2022,27684430244,27684
Serbia,SRB,2013,48394239475,48394
Serbia,SRB,2014,47062202241,47062
Serbia,SRB,2015,39655949731,39656
Serbia,SRB,2016,40692661657,40693
Serbia,SRB,2017,44179075779,44179
Serbia,SRB,2018,50640662859,50641
Serbia,SRB,2019,51514242776,51514
Serbia,SRB,2020,53356484764,53356
Serbia,SRB,2021,63082021206,63082
Serbia,SRB,2022,63501748652,63502
Seychelles,SYC,2013,1324915222,1325
Seychelles,SYC,2014,1387576414,1388
Seychelles,SYC,2015,1391427967,1391
Seychelles,SYC,2016,1458954110,1459
Seychelles,SYC,2017,1529773286,1530
Seychelles,SYC,2018,1587813245,1588
Seychelles,SYC,2019,1645090567,1645
Seychelles,SYC,2020,1183515398,1184
Seychelles,SYC,2021,1286687873,1287
Seychelles,SYC,2022,1588406479,1588
Sierra Leone,SLE,2013,4920343203,4920
Sierra Leone,SLE,2014,5015180836,5015
Sierra Leone,SLE,2015,4252029354,4252
Sierra Leone,SLE,2016,3862721205,3863
Sierra Leone,SLE,2017,3719443318,3719
Sierra Leone,SLE,2018,4085114542,4085
Sierra Leone,SLE,2019,4076578654,4077
Sierra Leone,SLE,2020,4062906364,4063
Sierra Leone,SLE,2021,4249234574,4249
Sierra Leone,SLE,2022,3970343852,3970
Singapore,SGP,2013,307576360585,307576
Singapore,SGP,2014,314863580758,314863
Singapore,SGP,2015,307998545269,307998
Singapore,SGP,2016,319029973659,319030
Singapore,SGP,2017,343272878686,343273
Singapore,SGP,2018,376869585632,376869
Singapore,SGP,2019,376837488317,376837
Singapore,SGP,2020,348392174864,348392
Singapore,SGP,2021,423796995373,423797
Singapore,SGP,2022,466788539652,466788
Slovakia,SVK,2013,98935222175,98935
Slovakia,SVK,2014,101437045020,101437
Slovakia,SVK,2015,88900883131,88901
Slovakia,SVK,2016,89952699525,89953
Slovakia,SVK,2017,95649966261,95650
Slovakia,SVK,2018,106137924016,106138
Slovakia,SVK,2019,105710052465,105710
Slovakia,SVK,2020,106728917483,106729
Slovakia,SVK,2021,118656591909,118657
Slovakia,SVK,2022,115468803972,115469
Slovenia,SVN,2013,48415657265,48416
Slovenia,SVN,2014,49997186439,49997
Slovenia,SVN,2015,43107506024,43107
Slovenia,SVN,2016,44766722791,44767
Slovenia,SVN,2017,48589100043,48589
Slovenia,SVN,2018,54177882426,54178
Slovenia,SVN,2019,54331588482,54332
Slovenia,SVN,2020,53706800044,53707
Slovenia,SVN,2021,61748586535,61749
Slovenia,SVN,2022,62117768015,62118
Solomon Islands,SLB,2013,1285911569,1286
Solomon Islands,SLB,2014,1335571357,1336
Solomon Islands,SLB,2015,1307909891,1308
Solomon Islands,SLB,2016,1379490315,1379
Solomon Islands,SLB,2017,1469789050,1470
Solomon Islands,SLB,2018,1615478421,1615
Solomon Islands,SLB,2019,1619154958,1619
Solomon Islands,SLB,2020,1536145831,1536
Solomon Islands,SLB,2021,1580303517,1580
Solomon Islands,SLB,2022,1595710784,1596
Somalia,SOM,2013,4577000012,4577
Somalia,SOM,2014,5024999992,5025
Somalia,SOM,2015,5335000000,5335
Somalia,SOM,2016,5534000000,5534
Somalia,SOM,2017,5609000000,5609
Somalia,SOM,2018,5856000006,5856
Somalia,SOM,2019,6485000000,6485
Somalia,SOM,2020,6883000000,6883
Somalia,SOM,2021,7628000011,7628
Somalia,SOM,2022,8126105600,8126
South Africa,ZAF,2013,400886013596,400886
South Africa,ZAF,2014,381198869776,381199
South Africa,ZAF,2015,346709790459,346710
South Africa,ZAF,2016,323585509674,323585
South Africa,ZAF,2017,381448814653,381449
South Africa,ZAF,2018,404158882459,404159
South Africa,ZAF,2019,388531226582,388531
South Africa,ZAF,2020,337619569571,337619
South Africa,ZAF,2021,419015636065,419016
South Africa,ZAF,2022,405869718462,405870
South Korea,KOR,2013,1370795199976,1370795
South Korea,KOR,2014,1484318219634,1484318
South Korea,KOR,2015,1465773245547,1465773
South Korea,KOR,2016,1500111596236,1500111
South Korea,KOR,2017,1623901496836,1623901
South Korea,KOR,2018,1724845615629,1724845
South Korea,KOR,2019,1651422932448,1651422
South Korea,KOR,2020,1644312785467,1644312
South Korea,KOR,2021,1810955871381,1810955
South Korea,KOR,2022,1665245538595,1665245
South Sudan,SSD,2013,18426469017,18426
South Sudan,SSD,2014,13962212847,13962
South Sudan,SSD,2015,11997800760,11998
South Sudan,SSD,2016,11997800760,11998
South Sudan,SSD,2017,11997800760,11998
South Sudan,SSD,2018,11997800760,11998
South Sudan,SSD,2019,11997800760,11998
South Sudan,SSD,2020,11997800760,11998
South Sudan,SSD,2021,11997800760,11998
South Sudan,SSD,2022,11997800760,11998
Spain,ESP,2013,1355579535913,1355579
Spain,ESP,2014,1371820537889,1371820
Spain,ESP,2015,1196156971280,1196157
Spain,ESP,2016,1233554967012,1233555
Spain,ESP,2017,1313245330198,1313245
Spain,ESP,2018,1421702715218,1421702
Spain,ESP,2019,1394320055129,1394320
Spain,ESP,2020,1276962685648,1276962
Spain,ESP,2021,1427380681295,1427380
Spain,ESP,2022,1397509272054,1397509
Sri Lanka,LKA,2013,77000578207,77001
Sri Lanka,LKA,2014,82528535573,82529
Sri Lanka,LKA,2015,85140955517,85141
Sri Lanka,LKA,2016,88012281910,88012
Sri Lanka,LKA,2017,94376237832,94376
Sri Lanka,LKA,2018,94493871351,94494
Sri Lanka,LKA,2019,89014978319,89015
Sri Lanka,LKA,2020,84440535699,84441
Sri Lanka,LKA,2021,88496535599,88497
Sri Lanka,LKA,2022,74403578363,74404
Sudan,SDN,2013,66027147865,66027
Sudan,SDN,2014,76818773785,76819
Sudan,SDN,2015,84984672416,84985
Sudan,SDN,2016,102943515503,102943
Sudan,SDN,2017,129718581297,129719
Sudan,SDN,2018,32333780383,32334
Sudan,SDN,2019,32338079165,32338
Sudan,SDN,2020,27034593750,27035
Sudan,SDN,2021,34229513775,34230
Sudan,SDN,2022,51662241775,51662
Suriname,SUR,2013,5145757576,5146
Suriname,SUR,2014,5240606061,5241
Suriname,SUR,2015,5126238146,5126
Suriname,SUR,2016,3317421500,3317
Suriname,SUR,2017,3591679371,3592
Suriname,SUR,2018,3996198760,3996
Suriname,SUR,2019,4016040575,4016
Suriname,SUR,2020,2911807496,2912
Suriname,SUR,2021,2984706244,2985
Suriname,SUR,2022,3620655116,3621
Swaziland,SWZ,2013,4597552949,4598
Swaziland,SWZ,2014,4422986447,4423
Swaziland,SWZ,2015,4063245671,4063
Swaziland,SWZ,2016,3816019223,3816
Swaziland,SWZ,2017,4402969226,4403
Swaziland,SWZ,2018,4666598024,4667
Swaziland,SWZ,2019,4466214522,4466
Swaziland,SWZ,2020,3982236726,3982
Swaziland,SWZ,2021,4748702401,4749
Swaziland,SWZ,2022,4854167638,4854
Sweden,SWE,2013,586841821797,586842
Sweden,SWE,2014,581964017237,581964
Sweden,SWE,2015,505103781350,505104
Sweden,SWE,2016,515654671470,515655
Sweden,SWE,2017,541018749769,541019
Sweden,SWE,2018,555455371487,555455
Sweden,SWE,2019,533879529188,533879
Sweden,SWE,2020,547054174236,547054
Sweden,SWE,2021,636856236396,636856
Sweden,SWE,2022,585939170124,585939
Switzerland,CHE,2013,706234937371,706235
Switzerland,CHE,2014,726537808338,726538
Switzerland,CHE,2015,694118186380,694118
Switzerland,CHE,2016,687895460903,687895
Switzerland,CHE,2017,695200833086,695201
Switzerland,CHE,2018,725562534364,725562
Switzerland,CHE,2019,721369112727,721369
Switzerland,CHE,2020,739913619797,739913
Switzerland,CHE,2021,800640155387,800640
Switzerland,CHE,2022,807706035352,807706
Syria,SYR,2013,21361254648,21361
Syria,SYR,2014,21502061462,21502
Syria,SYR,2015,16468399180,16468
Syria,SYR,2016,12598742887,12599
Syria,SYR,2017,16369724433,16370
Syria,SYR,2018,21496337968,21496
Syria,SYR,2019,22600896352,22601
Syria,SYR,2020,11159274040,11159
Syria,SYR,2021,11159274040,11159
Syria,SYR,2022,11159274040,11159
Taiwan,TWN,2013,0,0
Taiwan,TWN,2014,0,0
Taiwan,TWN,2015,0,0
Taiwan,TWN,2016,0,0
Taiwan,TWN,2017,0,0
Taiwan,TWN,2018,0,0
Taiwan,TWN,2019,0,0
Taiwan,TWN,2020,0,0
Taiwan,TWN,2021,0,0
Taiwan,TWN,2022,0,0
Tajikistan,TJK,2013,8448410727,8448
Tajikistan,TJK,2014,9112606075,9113
Tajikistan,TJK,2015,8271431932,8271
Tajikistan,TJK,2016,6992416097,6992
Tajikistan,TJK,2017,7536403147,7536
Tajikistan,TJK,2018,7765000282,7765
Tajikistan,TJK,2019,8300813890,8301
Tajikistan,TJK,2020,8133963813,8134
Tajikistan,TJK,2021,8937805347,8938
Tajikistan,TJK,2022,10492123388,10492
Tanzania,TZA,2013,45680532614,45681
Tanzania,TZA,2014,49964825081,49965
Tanzania,TZA,2015,47378603784,47379
Tanzania,TZA,2016,49774004999,49774
Tanzania,TZA,2017,53275968095,53276
Tanzania,TZA,2018,57003686049,57004
Tanzania,TZA,2019,61026765850,61027
Tanzania,TZA,2020,66068737757,66069
Tanzania,TZA,2021,70655628141,70656
Tanzania,TZA,2022,75709289056,75709
Thailand,THA,2013,420333659153,420334
Thailand,THA,2014,407339036017,407339
Thailand,THA,2015,401296242134,401296
Thailand,THA,2016,413366345844,413366
Thailand,THA,2017,456356812775,456357
Thailand,THA,2018,506754212433,506754
Thailand,THA,2019,543976695639,543977
Thailand,THA,2020,500457261548,500457
Thailand,THA,2021,505568057004,505568
Thailand,THA,2022,495340592811,495340
Timor,TLS,2013,1395519600,1396
Timor,TLS,2014,1447310400,1447
Timor,TLS,2015,1594447600,1594
Timor,TLS,2016,1650619400,1651
Timor,TLS,2017,1595724300,1596
Timor,TLS,2018,1563887900,1564
Timor,TLS,2019,2028551600,2029
Timor,TLS,2020,2158392500,2158
Timor,TLS,2021,3621222400,3621
Timor,TLS,2022,3163324631,3163
Togo,TGO,2013,5872790935,5873
Togo,TGO,2014,6217047649,6217
Togo,TGO,2015,5681469374,5681
Togo,TGO,2016,6031632015,6032
Togo,TGO,2017,6395472028,6395
Togo,TGO,2018,7029217932,7029
Togo,TGO,2019,6992656429,6993
Togo,TGO,2020,7389329393,7389
Togo,TGO,2021,8334047486,8334
Togo,TGO,2022,8126439481,8126
Tonga,TON,2013,"450650718,2",451
Tonga,TON,2014,"439877675,7",440
Tonga,TON,2015,"437003006,7",437
Tonga,TON,2016,"420548768,1",421
Tonga,TON,2017,"460374252,2",460
Tonga,TON,2018,"488906860,9",489
Tonga,TON,2019,"512053639,8",512
Tonga,TON,2020,"484796858,8",485
Tonga,TON,2021,"469228124,2",469
Tonga,TON,2022,"469228124,2",469
Trinidad and Tobago,TTO,2013,28557451150,28557
Trinidad and Tobago,TTO,2014,29489012807,29489
Trinidad and Tobago,TTO,2015,26851970249,26852
Trinidad and Tobago,TTO,2016,23496215881,23496
Trinidad and Tobago,TTO,2017,23797686962,23798
Trinidad and Tobago,TTO,2018,24322359037,24322
Trinidad and Tobago,TTO,2019,23849557811,23850
Trinidad and Tobago,TTO,2020,21059428846,21059
Trinidad and Tobago,TTO,2021,24460196270,24460
Trinidad and Tobago,TTO,2022,27899082337,27899
Tunisia,TUN,2013,48685436425,48685
Tunisia,TUN,2014,50271812921,50272
Tunisia,TUN,2015,45779494042,45779
Tunisia,TUN,2016,44360065797,44360
Tunisia,TUN,2017,42163530591,42164
Tunisia,TUN,2018,42686509836,42686
Tunisia,TUN,2019,41905637659,41906
Tunisia,TUN,2020,42538462678,42538
Tunisia,TUN,2021,46687298709,46687
Tunisia,TUN,2022,46664948952,46665
Turkey,TUR,2013,957798998031,957799
Turkey,TUR,2014,938934430071,938934
Turkey,TUR,2015,864313960482,864314
Turkey,TUR,2016,869682954136,869683
Turkey,TUR,2017,858988578710,858988
Turkey,TUR,2018,778476714088,778476
Turkey,TUR,2019,759934804372,759935
Turkey,TUR,2020,720288811762,720289
Turkey,TUR,2021,819034484303,819034
Turkey,TUR,2022,905987824096,905988
Turkmenistan,TKM,2013,39197543860,39198
Turkmenistan,TKM,2014,43524210526,43524
Turkmenistan,TKM,2015,35799714286,35800
Turkmenistan,TKM,2016,36169428571,36169
Turkmenistan,TKM,2017,37926285714,37926
Turkmenistan,TKM,2018,40765428571,40765
Turkmenistan,TKM,2019,44220285714,44220
Turkmenistan,TKM,2020,45610571429,45611
Turkmenistan,TKM,2021,45610571429,45611
Turkmenistan,TKM,2022,45610571429,45611
Uganda,UGA,2013,28915786520,28916
Uganda,UGA,2014,32612397253,32612
Uganda,UGA,2015,32387183733,32387
Uganda,UGA,2016,29203988697,29204
Uganda,UGA,2017,30744473840,30744
Uganda,UGA,2018,32927025621,32927
Uganda,UGA,2019,35348155092,35348
Uganda,UGA,2020,37605430214,37605
Uganda,UGA,2021,40510241366,40510
Uganda,UGA,2022,45559202049,45559
Ukraine,UKR,2013,190498811460,190499
Ukraine,UKR,2014,133503867182,133504
Ukraine,UKR,2015,91030968761,91031
Ukraine,UKR,2016,93355868978,93356
Ukraine,UKR,2017,112090503817,112090
Ukraine,UKR,2018,130891086690,130891
Ukraine,UKR,2019,153883045525,153883
Ukraine,UKR,2020,156617719786,156618
Ukraine,UKR,2021,199765856765,199766
Ukraine,UKR,2022,160502739236,160503
United Arab Emirates,ARE,2013,400218529748,400218
United Arab Emirates,ARE,2014,414105366753,414105
United Arab Emirates,ARE,2015,370275469571,370275
United Arab Emirates,ARE,2016,369255326236,369255
United Arab Emirates,ARE,2017,390516804030,390517
United Arab Emirates,ARE,2018,427049432158,427049
United Arab Emirates,ARE,2019,417989721743,417990
United Arab Emirates,ARE,2020,349473015330,349473
United Arab Emirates,ARE,2021,415021590688,415021
United Arab Emirates,ARE,2022,507534921715,507535
United Kingdom,GBR,2013,2786315215250,2786314
United Kingdom,GBR,2014,3065223279584,3065222
United Kingdom,GBR,2015,2934857946213,2934857
United Kingdom,GBR,2016,2699659680997,2699659
United Kingdom,GBR,2017,2683488510504,2683488
United Kingdom,GBR,2018,2878152147316,2878151
United Kingdom,GBR,2019,2857057847953,2857057
United Kingdom,GBR,2020,2704609160088,2704608
United Kingdom,GBR,2021,3122480345925,3122479
United Kingdom,GBR,2022,3070667732359,3070667
United States,USA,2013,16843190993000,16843186
United States,USA,2014,17550680174000,17550675
United States,USA,2015,18206020741000,18206015
United States,USA,2016,18695110842000,18695105
United States,USA,2017,19477336549000,19477331
United States,USA,2018,20533057312000,20533051
United States,USA,2019,21380976119000,21380970
United States,USA,2020,21060473613000,21060467
United States,USA,2021,23315080560000,23315074
United States,USA,2022,25462700000000,25462692
United States Virgin Islands,VIR,2013,3738000000,3738
United States Virgin Islands,VIR,2014,3565000000,3565
United States Virgin Islands,VIR,2015,3663000000,3663
United States Virgin Islands,VIR,2016,3798000000,3798
United States Virgin Islands,VIR,2017,3794000000,3794
United States Virgin Islands,VIR,2018,3922000000,3922
United States Virgin Islands,VIR,2019,4117000000,4117
United States Virgin Islands,VIR,2020,4204000000,4204
United States Virgin Islands,VIR,2021,4204000000,4204
United States Virgin Islands,VIR,2022,4204000000,4204
Uruguay,URY,2013,61337620936,61338
Uruguay,URY,2014,61496186974,61496
Uruguay,URY,2015,57680328702,57680
Uruguay,URY,2016,57480788380,57481
Uruguay,URY,2017,65006047680,65006
Uruguay,URY,2018,65203071111,65203
Uruguay,URY,2019,62048585619,62049
Uruguay,URY,2020,53666908480,53667
Uruguay,URY,2021,61412268249,61412
Uruguay,URY,2022,71177146197,71177
Uzbekistan,UZB,2013,73180037913,73180
Uzbekistan,UZB,2014,80845385816,80845
Uzbekistan,UZB,2015,86196264742,86196
Uzbekistan,UZB,2016,86138288633,86138
Uzbekistan,UZB,2017,62081322741,62081
Uzbekistan,UZB,2018,52870108218,52870
Uzbekistan,UZB,2019,60283503705,60283
Uzbekistan,UZB,2020,60224701296,60225
Uzbekistan,UZB,2021,69600614989,69601
Uzbekistan,UZB,2022,80391853885,80392
Vanuatu,VUT,2013,"758304466,2",758
Vanuatu,VUT,2014,"772315986,5",772
Vanuatu,VUT,2015,"730870805,2",731
Vanuatu,VUT,2016,"780889605,9",781
Vanuatu,VUT,2017,880061831,880
Vanuatu,VUT,2018,"914736985,4",915
Vanuatu,VUT,2019,"936526267,6",937
Vanuatu,VUT,2020,"909421043,5",909
Vanuatu,VUT,2021,"971636097,9",972
Vanuatu,VUT,2022,"983582864,6",984
Venezuela,VEN,2013,371005379787,371005
Venezuela,VEN,2014,482359318768,482359
Venezuela,VEN,2015,482359318768,482359
Venezuela,VEN,2016,482359318768,482359
Venezuela,VEN,2017,482359318768,482359
Venezuela,VEN,2018,482359318768,482359
Venezuela,VEN,2019,482359318768,482359
Venezuela,VEN,2020,482359318768,482359
Venezuela,VEN,2021,482359318768,482359
Venezuela,VEN,2022,482359318768,482359
Vietnam,VNM,2013,213708830777,213709
Vietnam,VNM,2014,233451484774,233451
Vietnam,VNM,2015,239258340826,239258
Vietnam,VNM,2016,257096001174,257096
Vietnam,VNM,2017,281353626107,281354
Vietnam,VNM,2018,310106472643,310106
Vietnam,VNM,2019,334365257920,334365
Vietnam,VNM,2020,346615750167,346616
Vietnam,VNM,2021,366137590718,366137
Vietnam,VNM,2022,408802379068,408802
Yemen,YEM,2013,40415233436,40415
Yemen,YEM,2014,43228585321,43229
Yemen,YEM,2015,42444489461,42444
Yemen,YEM,2016,31317824906,31318
Yemen,YEM,2017,26842231205,26842
Yemen,YEM,2018,21606161066,21606
Yemen,YEM,2019,21606161066,21606
Yemen,YEM,2020,21606161066,21606
Yemen,YEM,2021,21606161066,21606
Yemen,YEM,2022,21606161066,21606
Zambia,ZMB,2013,28037239463,28037
Zambia,ZMB,2014,27141023558,27141
Zambia,ZMB,2015,21251216799,21251
Zambia,ZMB,2016,20958412538,20958
Zambia,ZMB,2017,25873601261,25874
Zambia,ZMB,2018,26311506435,26311
Zambia,ZMB,2019,23308667781,23309
Zambia,ZMB,2020,18110638619,18111
Zambia,ZMB,2021,22147649569,22148
Zambia,ZMB,2022,29784454056,29784
Zimbabwe,ZWE,2013,19091020000,19091
Zimbabwe,ZWE,2014,19495519600,19496
Zimbabwe,ZWE,2015,19963120600,19963
Zimbabwe,ZWE,2016,20548678100,20549
Zimbabwe,ZWE,2017,17584890937,17585
Zimbabwe,ZWE,2018,34156069918,34156
Zimbabwe,ZWE,2019,21832234926,21832
Zimbabwe,ZWE,2020,21509698406,21510
Zimbabwe,ZWE,2021,28371238666,28371
Zimbabwe,ZWE,2022,20678055598,20678