entity,code,year, GDP ,total
Afghanistan,AFG,2013,2.05645E+14,205644.854
Afghanistan,AFG,2014,2.05506E+14,205505.827
Afghanistan,AFG,2015,1.99981E+13,19998.144
Afghanistan,AFG,2016,1.80196E+14,180195.544
Afghanistan,AFG,2017,1.88964E+14,188963.532
Afghanistan,AFG,2018,1.84189E+14,184188.604
Afghanistan,AFG,2019,1.89045E+14,189045.022
Afghanistan,AFG,2020,2.01435E+14,201434.517
Afghanistan,AFG,2021,1.45831E+14,145831.352
Afghanistan,AFG,2022,1.45831E+14,145831.352
Albania,ALB,2013,1.27762E+14,127762.245
Albania,ALB,2014,1.32281E+14,132281.475
Albania,ALB,2015,1.13869E+13,11386.853
Albania,ALB,2016,1.18612E+14,118611.998
Albania,ALB,2017,1.30197E+14,130197.262
Albania,ALB,2018,1.51564E+14,151564.241
Albania,ALB,2019,1.54018E+14,154018.261
Albania,ALB,2020,1.51627E+14,151627.342
Albania,ALB,2021,1.79306E+14,179305.651
Albania,ALB,2022,1.88821E+14,188820.955
Algeria,DZA,2013,2.09755E+14,209755.003
Algeria,DZA,2014,2.1381E+14,213809.981
Algeria,DZA,2015,1.65979E+14,165979.224
Algeria,DZA,2016,1.60034E+14,160034.213
Algeria,DZA,2017,1.70097E+14,170096.989
Algeria,DZA,2018,1.74911E+14,174910.891
Algeria,DZA,2019,1.7176E+14,171760.29
Algeria,DZA,2020,1.45744E+14,145743.723
Algeria,DZA,2021,1.63472E+11,163.472
Algeria,DZA,2022,1.91913E+14,191912.889
American Samoa,ASM,2013,638000000,0.638
American Samoa,ASM,2014,643000000,0.643
American Samoa,ASM,2015,673000000,0.673
American Samoa,ASM,2016,671000000,0.671
American Samoa,ASM,2017,612000000,0.612
American Samoa,ASM,2018,639000000,0.639
American Samoa,ASM,2019,647000000,0.647
American Samoa,ASM,2020,716000000,0.716
American Samoa,ASM,2021,709000000,0.709
American Samoa,ASM,2022,709000000,0.709
Andorra,AND,2013,3.19351E+14,319351.295
Andorra,AND,2014,3.27169E+13,32716.856
Andorra,AND,2015,2.78988E+14,278988.126
Andorra,AND,2016,2.89661E+14,289661.048
Andorra,AND,2017,3.00016E+14,300016.208
Andorra,AND,2018,3.21842E+14,321841.99
Andorra,AND,2019,3.15515E+14,315514.935
Andorra,AND,2020,2.891E+14,289100.115
Andorra,AND,2021,3.32515E+14,332514.541
Andorra,AND,2022,3.35203E+13,33520.327
Angola,AGO,2013,1.33402E+14,133401.583
Angola,AGO,2014,1.37244E+14,137244.439
Angola,AGO,2015,8.72193E+14,872193.004
Angola,AGO,2016,4.98405E+14,498404.912
Angola,AGO,2017,6.89728E+14,689727.694
Angola,AGO,2018,7.77929E+14,777929.445
Angola,AGO,2019,6.93091E+14,693091.101
Angola,AGO,2020,5.02414E+14,502413.682
Angola,AGO,2021,6.56854E+14,656854.351
Angola,AGO,2022,1.06714E+14,106713.619
Antigua and Barbuda,ATG,2013,1.18145E+14,118144.815
Antigua and Barbuda,ATG,2014,1.24973E+14,124973.333
Antigua and Barbuda,ATG,2015,1.33669E+14,133669.259
Antigua and Barbuda,ATG,2016,1.43659E+14,143658.519
Antigua and Barbuda,ATG,2017,1.46796E+14,146795.556
Antigua and Barbuda,ATG,2018,1.60477E+14,160477.037
Antigua and Barbuda,ATG,2019,1.6754E+13,16754.037
Antigua and Barbuda,ATG,2020,1.41635E+14,141634.815
Antigua and Barbuda,ATG,2021,1.56052E+14,156051.852
Antigua and Barbuda,ATG,2022,1.7576E+13,17576.037
Argentina,ARG,2013,5.52025E+14,552025.14
Argentina,ARG,2014,5.2632E+14,526319.674
Argentina,ARG,2015,5.94749E+14,594749.285
Argentina,ARG,2016,5.57532E+14,557532.317
Argentina,ARG,2017,6.43628E+14,643628.396
Argentina,ARG,2018,5.2482E+14,524819.899
Argentina,ARG,2019,4.47755E+14,447754.687
Argentina,ARG,2020,3.8554E+14,385540.407
Argentina,ARG,2021,4.87227E+14,487227.125
Argentina,ARG,2022,6.3277E+11,632.77
Armenia,ARM,2013,1.11215E+13,11121.464
Armenia,ARM,2014,1.16095E+14,116095.132
Armenia,ARM,2015,1.05533E+14,105533.375
Armenia,ARM,2016,1.05461E+14,105461.362
Armenia,ARM,2017,1.15275E+14,115274.587
Armenia,ARM,2018,1.24579E+14,124579.407
Armenia,ARM,2019,1.36193E+14,136192.905
Armenia,ARM,2020,1.26417E+14,126416.986
Armenia,ARM,2021,1.38614E+13,13861.41
Armenia,ARM,2022,1.95028E+14,195027.84
Australia,AUS,2013,1.57633E+12,1576.33
Australia,AUS,2014,1.46759E+12,1467.59
Australia,AUS,2015,1.35058E+12,1350.58
Australia,AUS,2016,1.20656E+12,1206.563
Australia,AUS,2017,1.32647E+12,1326.467
Australia,AUS,2018,1.42827E+12,1428.267
Australia,AUS,2019,1.39222E+12,1392.219
Australia,AUS,2020,1.32694E+12,1326.945
Australia,AUS,2021,1.5527E+12,1552.703
Australia,AUS,2022,1.67542E+12,1675.419
Austria,AUT,2013,4.30191E+14,430190.98
Austria,AUT,2014,4.42585E+14,442584.815
Austria,AUT,2015,3.81971E+14,381971.149
Austria,AUT,2016,3.95837E+11,395.837
Austria,AUT,2017,4.17261E+14,417261.152
Austria,AUT,2018,4.54991E+14,454991.174
Austria,AUT,2019,4.44621E+11,444.621
Austria,AUT,2020,4.35225E+11,435.225
Austria,AUT,2021,4.80368E+14,480368.404
Austria,AUT,2022,4.714E+14,471400.066
Azerbaijan,AZE,2013,7.41606E+14,741605.53
Azerbaijan,AZE,2014,7.52397E+14,752397.375
Azerbaijan,AZE,2015,5.30762E+14,530762.448
Azerbaijan,AZE,2016,3.7867E+14,378670.07
Azerbaijan,AZE,2017,4.08666E+14,408666.32
Azerbaijan,AZE,2018,4.71125E+14,471124.793
Azerbaijan,AZE,2019,4.81742E+14,481742.353
Azerbaijan,AZE,2020,42693000000,42.693
Azerbaijan,AZE,2021,5.48254E+14,548254.118
Azerbaijan,AZE,2022,7.87211E+14,787210.588
Bahamas,BHS,2013,10562800000,10.563
Bahamas,BHS,2014,11176100000,11.176
Bahamas,BHS,2015,11672900000,11.673
Bahamas,BHS,2016,11750800000,11.751
Bahamas,BHS,2017,12253500000,12.254
Bahamas,BHS,2018,12653600000,12.654
Bahamas,BHS,2019,13058700000,13.059
Bahamas,BHS,2020,9754600000,9.755
Bahamas,BHS,2021,11527600000,11.528
Bahamas,BHS,2022,12897400000,12.897
Bahrain,BHR,2013,3.25395E+14,325394.681
Bahrain,BHR,2014,3.33877E+14,333877.128
Bahrain,BHR,2015,3.10506E+14,310506.383
Bahrain,BHR,2016,3.2235E+14,322349.734
Bahrain,BHR,2017,3.54738E+14,354737.766
Bahrain,BHR,2018,3.7802E+14,378020.053
Bahrain,BHR,2019,3.86533E+14,386533.181
Bahrain,BHR,2020,3.46218E+13,34621.808
Bahrain,BHR,2021,3.93034E+14,393034.04
Bahrain,BHR,2022,4.43908E+14,443908.205
Bangladesh,BGD,2013,1.49991E+14,149990.529
Bangladesh,BGD,2014,1.72885E+14,172885.433
Bangladesh,BGD,2015,1.95079E+14,195078.574
Bangladesh,BGD,2016,2.65236E+14,265236.389
Bangladesh,BGD,2017,2.93755E+14,293754.77
Bangladesh,BGD,2018,3.21379E+14,321379.163
Bangladesh,BGD,2019,3.51238E+14,351238.397
Bangladesh,BGD,2020,3.73902E+14,373902.196
Bangladesh,BGD,2021,4.16265E+14,416264.802
Bangladesh,BGD,2022,4.60201E+14,460201
Barbados,BRB,2013,4677248300,4.677
Barbados,BRB,2014,4696344350,4.696
Barbados,BRB,2015,4724691200,4.725
Barbados,BRB,2016,4832811750,4.833
Barbados,BRB,2017,4981588900,4.982
Barbados,BRB,2018,5097283200,5.097
Barbados,BRB,2019,5324250000,5.324
Barbados,BRB,2020,4671800000,4.672
Barbados,BRB,2021,4843800000,4.844
Barbados,BRB,2022,5.63791E+13,56379.145
Belarus,BLR,2013,7.55275E+14,755275.377
Belarus,BLR,2014,7.88128E+14,788127.858
Belarus,BLR,2015,5.64549E+14,564548.951
Belarus,BLR,2016,4.77235E+14,477235.493
Belarus,BLR,2017,5.47253E+14,547253.117
Belarus,BLR,2018,6.00312E+13,60031.164
Belarus,BLR,2019,6.44101E+13,64410.113
Belarus,BLR,2020,6.13718E+14,613717.553
Belarus,BLR,2021,69673747132,69.674
Belarus,BLR,2022,7.27935E+14,727934.576
Belgium,BEL,2013,5.21791E+14,521791.015
Belgium,BEL,2014,5.3539E+14,535390.2
Belgium,BEL,2015,4.62336E+14,462335.575
Belgium,BEL,2016,4.76063E+11,476.063
Belgium,BEL,2017,5.02765E+14,502764.721
Belgium,BEL,2018,5.43299E+14,543299.067
Belgium,BEL,2019,5.35866E+14,535865.692
Belgium,BEL,2020,5.25213E+14,525213.067
Belgium,BEL,2021,5.94352E+14,594351.962
Belgium,BEL,2022,5.78604E+14,578604.103
Belize,BLZ,2013,2029500000,2.03
Belize,BLZ,2014,2138000000,2.138
Belize,BLZ,2015,2210500000,2.211
Belize,BLZ,2016,2258500000,2.259
Belize,BLZ,2017,2286000000,2.286
Belize,BLZ,2018,2315000000,2.315
Belize,BLZ,2019,2416500000,2.417
Belize,BLZ,2020,2080000000,2.08
Belize,BLZ,2021,2491500000,2.492
Belize,BLZ,2022,2.82408E+14,282408.184
Benin,BEN,2013,1.25178E+14,125178.451
Benin,BEN,2014,1.32845E+14,132845.279
Benin,BEN,2015,1.13882E+14,113881.61
Benin,BEN,2016,1.18211E+13,11821.066
Benin,BEN,2017,1.27017E+14,127016.558
Benin,BEN,2018,1.42624E+14,142624.081
Benin,BEN,2019,1.43917E+14,143916.863
Benin,BEN,2020,1.56515E+14,156515.452
Benin,BEN,2021,1.76901E+14,176900.835
Benin,BEN,2022,1.74017E+13,17401.746
Bermuda,BMU,2013,6465756000,6.466
Bermuda,BMU,2014,6413988000,6.414
Bermuda,BMU,2015,6654541000,6.655
Bermuda,BMU,2016,6899911000,6.9
Bermuda,BMU,2017,7142316000,7.142
Bermuda,BMU,2018,7225977000,7.226
Bermuda,BMU,2019,7423465000,7.423
Bermuda,BMU,2020,6887147000,6.887
Bermuda,BMU,2021,7127200000,7.127
Bermuda,BMU,2022,7550500000,7.551
Bhutan,BTN,2013,1.75621E+14,175621.43
Bhutan,BTN,2014,1.90709E+14,190709.036
Bhutan,BTN,2015,2.0036E+14,200359.682
Bhutan,BTN,2016,2.15897E+14,215897.172
Bhutan,BTN,2017,2.45037E+14,245036.611
Bhutan,BTN,2018,2.44687E+14,244686.758
Bhutan,BTN,2019,2.53566E+14,253565.561
Bhutan,BTN,2020,2.32519E+14,232518.552
Bhutan,BTN,2021,2.53955E+14,253955.133
Bhutan,BTN,2022,2.53955E+14,253955.133
Bolivia,BOL,2013,3.06593E+14,306593.389
Bolivia,BOL,2014,3.29962E+14,329961.88
Bolivia,BOL,2015,3.30002E+14,330001.982
Bolivia,BOL,2016,3.39411E+14,339411.262
Bolivia,BOL,2017,3.75086E+13,37508.642
Bolivia,BOL,2018,4.02876E+14,402876.479
Bolivia,BOL,2019,4.08953E+14,408953.229
Bolivia,BOL,2020,3.66298E+14,366298.438
Bolivia,BOL,2021,4.04082E+14,404082.085
Bolivia,BOL,2022,4.30689E+14,430688.857
Bosnia and Herzegovina,BIH,2013,1.81791E+14,181791.045
Bosnia and Herzegovina,BIH,2014,1.85587E+14,185587.312
Bosnia and Herzegovina,BIH,2015,1.64044E+13,16404.352
Bosnia and Herzegovina,BIH,2016,1.71169E+14,171169.261
Bosnia and Herzegovina,BIH,2017,1.83264E+14,183263.764
Bosnia and Herzegovina,BIH,2018,2.0484E+14,204840.484
Bosnia and Herzegovina,BIH,2019,2.04826E+14,204826.033
Bosnia and Herzegovina,BIH,2020,2.0226E+14,202260.307
Bosnia and Herzegovina,BIH,2021,2.36496E+14,236495.661
Bosnia and Herzegovina,BIH,2022,2.45275E+14,245275.073
Botswana,BWA,2013,1.42717E+14,142717.384
Botswana,BWA,2014,1.54701E+14,154700.879
Botswana,BWA,2015,1.35307E+14,135307.493
Botswana,BWA,2016,1.50826E+13,15082.637
Botswana,BWA,2017,1.61052E+14,161051.564
Botswana,BWA,2018,1.70319E+14,170319.432
Botswana,BWA,2019,1.67259E+14,167259.087
Botswana,BWA,2020,1.49603E+14,149602.915
Botswana,BWA,2021,1.87371E+14,187370.663
Botswana,BWA,2022,2.03523E+14,203523.222
Brazil,BRA,2013,2.47282E+12,2472.819
Brazil,BRA,2014,2.45604E+12,2456.044
Brazil,BRA,2015,1.80221E+12,1802.212
Brazil,BRA,2016,1.79569E+12,1795.693
Brazil,BRA,2017,2.06351E+12,2063.515
Brazil,BRA,2018,1.91693E+12,1916.934
Brazil,BRA,2019,1.87329E+12,1873.288
Brazil,BRA,2020,1.47611E+12,1476.107
Brazil,BRA,2021,1.64962E+12,1649.623
Brazil,BRA,2022,1.9201E+12,1920.096
Brunei,BRN,2013,1.80943E+14,180943.264
Brunei,BRN,2014,1.70978E+14,170978.011
Brunei,BRN,2015,1.29303E+14,129302.929
Brunei,BRN,2016,1.14005E+14,114004.674
Brunei,BRN,2017,1.21282E+13,12128.182
Brunei,BRN,2018,1.35672E+14,135671.644
Brunei,BRN,2019,1.34692E+14,134692.402
Brunei,BRN,2020,1.20058E+14,120057.959
Brunei,BRN,2021,1.40065E+14,140064.97
Brunei,BRN,2022,1.66815E+14,166815.316
Bulgaria,BGR,2013,5.58442E+14,558442.453
Bulgaria,BGR,2014,5.71596E+14,571595.578
Bulgaria,BGR,2015,5.08281E+14,508280.888
Bulgaria,BGR,2016,5.39875E+14,539874.871
Bulgaria,BGR,2017,5.93431E+13,59343.061
Bulgaria,BGR,2018,6.63996E+14,663996.021
Bulgaria,BGR,2019,6.89119E+14,689119.306
Bulgaria,BGR,2020,7.04044E+13,70404.359
Bulgaria,BGR,2021,8.40614E+13,84061.396
Bulgaria,BGR,2022,8.90404E+14,890403.984
Burkina Faso,BFA,2013,1.34443E+14,134443.005
Burkina Faso,BFA,2014,1.3943E+14,139430.161
Burkina Faso,BFA,2015,1.18322E+14,118321.593
Burkina Faso,BFA,2016,1.28334E+14,128333.63
Burkina Faso,BFA,2017,1.4107E+14,141069.556
Burkina Faso,BFA,2018,1.58901E+14,158900.662
Burkina Faso,BFA,2019,1.61782E+14,161781.617
Burkina Faso,BFA,2020,1.79336E+14,179336.062
Burkina Faso,BFA,2021,1.97376E+13,19737.616
Burkina Faso,BFA,2022,1.88846E+14,188846.196
Burundi,BDI,2013,2.45161E+14,245160.663
Burundi,BDI,2014,2.70578E+14,270578.333
Burundi,BDI,2015,3.104E+14,310400.355
Burundi,BDI,2016,2.64449E+14,264448.778
Burundi,BDI,2017,2.72359E+14,272358.696
Burundi,BDI,2018,2.66718E+14,266718.22
Burundi,BDI,2019,2.57652E+14,257651.888
Burundi,BDI,2020,2.64968E+14,264968.026
Burundi,BDI,2021,2.7758E+14,277579.87
Burundi,BDI,2022,3.07341E+14,307341.468
Cambodia,KHM,2013,1.5228E+14,152279.914
Cambodia,KHM,2014,1.67026E+14,167026.108
Cambodia,KHM,2015,1.805E+14,180499.543
Cambodia,KHM,2016,2.00167E+14,200167.479
Cambodia,KHM,2017,2.21772E+14,221772.006
Cambodia,KHM,2018,2.45718E+14,245717.536
Cambodia,KHM,2019,2.70894E+14,270893.9
Cambodia,KHM,2020,2.58728E+14,258727.979
Cambodia,KHM,2021,2.69611E+14,269610.612
Cambodia,KHM,2022,2.99568E+13,29956.77
Cameroon,CMR,2013,3.37286E+14,337286.212
Cameroon,CMR,2014,3.63865E+14,363865.447
Cameroon,CMR,2015,3.22102E+14,322102.33
Cameroon,CMR,2016,3.38143E+14,338143.37
Cameroon,CMR,2017,3.60985E+14,360985.471
Cameroon,CMR,2018,3.99738E+13,39973.842
Cameroon,CMR,2019,3.9671E+14,396709.764
Cameroon,CMR,2020,4.07732E+14,407732.412
Cameroon,CMR,2021,4.53383E+14,453382.854
Cameroon,CMR,2022,4.43416E+14,443416.465
Canada,CAN,2013,1.8466E+12,1846.597
Canada,CAN,2014,1.80575E+12,1805.75
Canada,CAN,2015,1.55651E+12,1556.509
Canada,CAN,2016,1.52799E+12,1527.995
Canada,CAN,2017,1.64927E+12,1649.266
Canada,CAN,2018,1.7253E+12,1725.298
Canada,CAN,2019,1.74373E+12,1743.725
Canada,CAN,2020,1.6476E+12,1647.598
Canada,CAN,2021,2.00149E+12,2001.487
Canada,CAN,2022,2.13984E+12,2139.84
Cape Verde,CPV,2013,2.02891E+14,202891.092
Cape Verde,CPV,2014,2.04193E+14,204193.013
Cape Verde,CPV,2015,1.74986E+14,174985.763
Cape Verde,CPV,2016,1.84979E+14,184978.999
Cape Verde,CPV,2017,1.99674E+14,199674.154
Cape Verde,CPV,2018,2.2051E+14,220509.951
Cape Verde,CPV,2019,2.26675E+14,226675.22
Cape Verde,CPV,2020,1.87828E+13,18782.773
Cape Verde,CPV,2021,2.09174E+14,209174.177
Cape Verde,CPV,2022,2.31482E+14,231481.679
Central African Republic,CAF,2013,1.69154E+13,16915.441
Central African Republic,CAF,2014,1.89481E+14,189481.339
Central African Republic,CAF,2015,1.69583E+13,16958.257
Central African Republic,CAF,2016,1.82502E+14,182501.814
Central African Republic,CAF,2017,2.07235E+14,207234.997
Central African Republic,CAF,2018,2.22098E+14,222097.914
Central African Republic,CAF,2019,2.2213E+14,222130.135
Central African Republic,CAF,2020,2.32672E+14,232672.09
Central African Republic,CAF,2021,2.5165E+14,251649.841
Central African Republic,CAF,2022,2.38262E+13,23826.186
Chad,TCD,2013,1.29535E+13,12953.535
Chad,TCD,2014,1.39408E+14,139407.672
Chad,TCD,2015,1.09504E+14,109503.923
Chad,TCD,2016,1.00978E+14,100977.781
Chad,TCD,2017,1.00004E+14,100003.944
Chad,TCD,2018,1.12392E+14,112391.679
Chad,TCD,2019,1.1315E+14,113149.511
Chad,TCD,2020,1.07154E+14,107153.961
Chad,TCD,2021,1.178E+14,117799.813
Chad,TCD,2022,1.27041E+14,127041.498
Chile,CHL,2013,2.77239E+14,277239.474
Chile,CHL,2014,2.59405E+14,259405.195
Chile,CHL,2015,2.42497E+14,242496.656
Chile,CHL,2016,2.49299E+14,249298.706
Chile,CHL,2017,2.76365E+14,276364.937
Chile,CHL,2018,2.95403E+14,295402.646
Chile,CHL,2019,2.78493E+14,278493.308
Chile,CHL,2020,2.54096E+14,254096.104
Chile,CHL,2021,3.16714E+14,316713.578
Chile,CHL,2022,3.01025E+14,301025.249
China,CHN,2013,9.57047E+12,9570.471
China,CHN,2014,1.04756E+13,10475.625
China,CHN,2015,1.10616E+13,11061.573
China,CHN,2016,1.12333E+13,11233.314
China,CHN,2017,1.23105E+13,12310.491
China,CHN,2018,1.38949E+13,13894.907
China,CHN,2019,1.428E+13,14279.968
China,CHN,2020,1.46877E+13,14687.744
China,CHN,2021,1.78205E+13,17820.459
China,CHN,2022,1.79632E+13,17963.171
Colombia,COL,2013,3.82094E+14,382093.697
Colombia,COL,2014,3.81241E+14,381240.864
Colombia,COL,2015,2.93492E+14,293492.37
Colombia,COL,2016,2.8272E+14,282720.1
Colombia,COL,2017,3.11867E+14,311866.875
Colombia,COL,2018,3.34198E+14,334198.218
Colombia,COL,2019,3.23032E+14,323031.701
Colombia,COL,2020,2.70151E+14,270150.957
Colombia,COL,2021,3.18512E+14,318511.814
Colombia,COL,2022,3.43939E+14,343939.445
Comoros,COM,2013,1.11622E+14,111622.411
Comoros,COM,2014,1.14959E+14,114958.766
Comoros,COM,2015,9.6603E+14,966029.6
Comoros,COM,2016,1.01284E+14,101283.549
Comoros,COM,2017,1.07744E+14,107743.976
Comoros,COM,2018,1.1888E+14,118879.745
Comoros,COM,2019,1.19502E+14,119501.953
Comoros,COM,2020,1.22504E+14,122503.92
Comoros,COM,2021,1.29609E+14,129608.948
Comoros,COM,2022,1.24252E+14,124251.941
Congo,COG,2013,1.79587E+14,179587.207
Congo,COG,2014,1.79129E+14,179129.077
Congo,COG,2015,1.18903E+14,118902.592
Congo,COG,2016,1.02193E+14,102193.41
Congo,COG,2017,1.10948E+14,110948.237
Congo,COG,2018,1.367E+14,136700.38
Congo,COG,2019,1.27503E+14,127503.387
Congo,COG,2020,1.04832E+14,104831.511
Congo,COG,2021,1.33662E+14,133662.308
Congo,COG,2022,1.46155E+14,146155.322
Costa Rica,CRI,2013,5.09497E+14,509496.689
Costa Rica,CRI,2014,5.20164E+14,520164.089
Costa Rica,CRI,2015,5.64419E+14,564419.208
Costa Rica,CRI,2016,5.8847E+14,588470.196
Costa Rica,CRI,2017,6.0516E+14,605160.446
Costa Rica,CRI,2018,6.24202E+14,624201.65
Costa Rica,CRI,2019,6.44177E+14,644176.706
Costa Rica,CRI,2020,6.23956E+14,623956.108
Costa Rica,CRI,2021,6.46165E+14,646164.822
Costa Rica,CRI,2022,6.83808E+14,683808.383
Cote d'Ivoire,CIV,2013,4.27602E+14,427602.355
Cote d'Ivoire,CIV,2014,4.8843E+14,488430.056
Cote d'Ivoire,CIV,2015,4.5815E+14,458150.052
Cote d'Ivoire,CIV,2016,4.84078E+14,484077.61
Cote d'Ivoire,CIV,2017,5.25123E+14,525123.44
Cote d'Ivoire,CIV,2018,5.85225E+14,585224.777
Cote d'Ivoire,CIV,2019,5.98985E+14,598984.798
Cote d'Ivoire,CIV,2020,6.29828E+14,629827.684
Cote d'Ivoire,CIV,2021,7.18111E+13,71811.076
Cote d'Ivoire,CIV,2022,7.00187E+14,700187.15
Croatia,HRV,2013,5.93631E+14,593631.241
Croatia,HRV,2014,5.92145E+14,592144.616
Croatia,HRV,2015,5.07421E+13,50742.086
Croatia,HRV,2016,5.2391E+14,523910.39
Croatia,HRV,2017,5.59375E+14,559374.836
Croatia,HRV,2018,6.13305E+14,613304.836
Croatia,HRV,2019,6.13293E+14,613292.675
Croatia,HRV,2020,5.76249E+14,576249.39
Croatia,HRV,2021,6.88437E+14,688436.746
Croatia,HRV,2022,7.09646E+14,709646.065
Cuba,CUB,2013,77148000000,77.148
Cuba,CUB,2014,80656000000,80.656
Cuba,CUB,2015,87133000000,87.133
Cuba,CUB,2016,91370000000,91.37
Cuba,CUB,2017,96851000000,96.851
Cuba,CUB,2018,1.0005E+11,100.05
Cuba,CUB,2019,1.03428E+11,103.428
Cuba,CUB,2020,1.07352E+11,107.352
Cuba,CUB,2021,1.07352E+11,107.352
Cuba,CUB,2022,1.07352E+11,107.352
Cyprus,CYP,2013,2.39597E+14,239597.09
Cyprus,CYP,2014,2.32259E+14,232259.122
Cyprus,CYP,2015,1.99093E+14,199092.691
Cyprus,CYP,2016,2.10465E+14,210464.521
Cyprus,CYP,2017,2.29466E+14,229465.834
Cyprus,CYP,2018,2.55973E+13,25597.301
Cyprus,CYP,2019,2.59452E+14,259451.942
Cyprus,CYP,2020,2.50083E+14,250082.662
Cyprus,CYP,2021,2.84081E+14,284080.645
Cyprus,CYP,2022,2.84391E+14,284390.527
Czech Republic,CZE,2013,2.11686E+14,211685.617
Czech Republic,CZE,2014,2.09359E+14,209358.834
Czech Republic,CZE,2015,1.88033E+14,188033.05
Czech Republic,CZE,2016,1.96272E+14,196272.069
Czech Republic,CZE,2017,2.18629E+14,218628.941
Czech Republic,CZE,2018,2.49001E+14,249000.541
Czech Republic,CZE,2019,2.52548E+14,252548.18
Czech Republic,CZE,2020,2.45975E+14,245974.559
Czech Republic,CZE,2021,2.81791E+11,281.791
Czech Republic,CZE,2022,2.90924E+14,290923.535
Democratic Republic of Congo,COD,2013,3.26797E+14,326797.45
Democratic Republic of Congo,COD,2014,3.5909E+13,35909.041
Democratic Republic of Congo,COD,2015,3.79177E+14,379177.065
Democratic Republic of Congo,COD,2016,3.71348E+13,37134.802
Democratic Republic of Congo,COD,2017,3.80193E+14,380192.648
Democratic Republic of Congo,COD,2018,4.75682E+14,475682.1
Democratic Republic of Congo,COD,2019,5.17758E+14,517758.299
Democratic Republic of Congo,COD,2020,4.8717E+14,487169.619
Democratic Republic of Congo,COD,2021,5.5351E+14,553509.686
Democratic Republic of Congo,COD,2022,5.8066E+14,580659.536
Denmark,DNK,2013,3.43584E+14,343584.392
Denmark,DNK,2014,3.52994E+14,352993.632
Denmark,DNK,2015,3.02673E+14,302673.071
Denmark,DNK,2016,3.13116E+14,313115.929
Denmark,DNK,2017,3.32121E+14,332121.064
Denmark,DNK,2018,3.56841E+14,356841.216
Denmark,DNK,2019,3.46499E+14,346498.738
Denmark,DNK,2020,3.55222E+14,355222.45
Denmark,DNK,2021,3.98303E+11,398.303
Denmark,DNK,2022,3.95404E+14,395403.907
Djibouti,DJI,2013,2.04282E+14,204281.716
Djibouti,DJI,2014,2.21468E+14,221467.908
Djibouti,DJI,2015,2.42439E+14,242439.179
Djibouti,DJI,2016,2.60496E+14,260495.523
Djibouti,DJI,2017,2.76258E+14,276258.133
Djibouti,DJI,2018,2.91347E+14,291346.673
Djibouti,DJI,2019,3.08885E+14,308885.364
Djibouti,DJI,2020,3.18107E+13,31810.712
Djibouti,DJI,2021,3.37229E+14,337228.746
Djibouti,DJI,2022,3.51511E+14,351510.908
Dominica,DMA,2013,4.98296E+14,498296.296
Dominica,DMA,2014,5.20207E+14,520207.407
Dominica,DMA,2015,5.40737E+14,540737.037
Dominica,DMA,2016,5.7623E+13,57622.963
Dominica,DMA,2017,5.21552E+14,521551.852
Dominica,DMA,2018,5.5477E+13,55477.037
Dominica,DMA,2019,6.11537E+14,611537.037
Dominica,DMA,2020,5.04215E+14,504214.815
Dominica,DMA,2021,5.55267E+14,555266.667
Dominica,DMA,2022,6.12048E+14,612048.148
Dominican Republic,DOM,2013,6.26822E+14,626821.587
Dominican Republic,DOM,2014,6.718E+14,671799.563
Dominican Republic,DOM,2015,7.11648E+14,711648.267
Dominican Republic,DOM,2016,7.57046E+14,757046.48
Dominican Republic,DOM,2017,7.9998E+14,799980.46
Dominican Republic,DOM,2018,8.55554E+14,855553.904
Dominican Republic,DOM,2019,8.89414E+14,889413.72
Dominican Republic,DOM,2020,7.88447E+14,788446.558
Dominican Republic,DOM,2021,9.42434E+14,942434.265
Dominican Republic,DOM,2022,1.13642E+14,113641.857
Ecuador,ECU,2013,95129659000,95.13
Ecuador,ECU,2014,1.01726E+11,101.726
Ecuador,ECU,2015,99290381000,99.29
Ecuador,ECU,2016,99937696000,99.938
Ecuador,ECU,2017,1.04296E+11,104.296
Ecuador,ECU,2018,1.07562E+11,107.562
Ecuador,ECU,2019,1.08108E+11,108.108
Ecuador,ECU,2020,99291124000,99.291
Ecuador,ECU,2021,1.06166E+11,106.166
Ecuador,ECU,2022,1.15049E+11,115.049
Egypt,EGY,2013,2.88434E+14,288434.109
Egypt,EGY,2014,3.05595E+14,305595.409
Egypt,EGY,2015,3.29367E+14,329366.577
Egypt,EGY,2016,3.32442E+14,332441.718
Egypt,EGY,2017,2.48363E+11,248.363
Egypt,EGY,2018,2.62589E+11,262.589
Egypt,EGY,2019,3.18679E+14,318678.815
Egypt,EGY,2020,3.83818E+14,383817.842
Egypt,EGY,2021,4.24672E+14,424671.765
Egypt,EGY,2022,4.76748E+14,476747.72
El Salvador,SLV,2013,21990960000,21.991
El Salvador,SLV,2014,22593470000,22.593
El Salvador,SLV,2015,23438240000,23.438
El Salvador,SLV,2016,24191430000,24.191
El Salvador,SLV,2017,24979190000,24.979
El Salvador,SLV,2018,26020850000,26.021
El Salvador,SLV,2019,26881140000,26.881
El Salvador,SLV,2020,24930080000,24.93
El Salvador,SLV,2021,29451240000,29.451
El Salvador,SLV,2022,32488720000,32.489
Equatorial Guinea,GNQ,2013,2.19488E+14,219488.343
Equatorial Guinea,GNQ,2014,2.17655E+13,21765.453
Equatorial Guinea,GNQ,2015,1.31855E+14,131854.969
Equatorial Guinea,GNQ,2016,1.12408E+14,112408.088
Equatorial Guinea,GNQ,2017,1.22009E+14,122009.139
Equatorial Guinea,GNQ,2018,1.3097E+14,130970.121
Equatorial Guinea,GNQ,2019,1.13641E+14,113641.335
Equatorial Guinea,GNQ,2020,1.00992E+14,100991.58
Equatorial Guinea,GNQ,2021,1.22694E+14,122693.934
Equatorial Guinea,GNQ,2022,1.18139E+14,118139.084
Estonia,EST,2013,2.51158E+14,251157.534
Estonia,EST,2014,2.66341E+14,266340.84
Estonia,EST,2015,2.28908E+14,228907.621
Estonia,EST,2016,2.40728E+13,24072.829
Estonia,EST,2017,2.69244E+14,269243.851
Estonia,EST,2018,3.06247E+14,306247.202
Estonia,EST,2019,3.10819E+14,310819.019
Estonia,EST,2020,3.13704E+14,313703.956
Estonia,EST,2021,37191166152,37.191
Estonia,EST,2022,3.81008E+14,381008.13
Ethiopia,ETH,2013,4.76483E+14,476482.762
Ethiopia,ETH,2014,5.56122E+14,556122.282
Ethiopia,ETH,2015,6.45893E+14,645893.293
Ethiopia,ETH,2016,7.42967E+14,742967.456
Ethiopia,ETH,2017,8.17709E+14,817708.869
Ethiopia,ETH,2018,8.42692E+14,842691.962
Ethiopia,ETH,2019,9.59126E+14,959126.08
Ethiopia,ETH,2020,1.07658E+14,107657.734
Ethiopia,ETH,2021,1.11262E+14,111261.883
Ethiopia,ETH,2022,1.26783E+14,126783.473
Fiji,FJI,2013,4.18997E+14,418996.887
Fiji,FJI,2014,4.8571E+14,485710.385
Fiji,FJI,2015,4.68248E+14,468248.03
Fiji,FJI,2016,4.93021E+14,493021.379
Fiji,FJI,2017,5.35347E+14,535346.839
Fiji,FJI,2018,5.58143E+14,558142.589
Fiji,FJI,2019,5.48169E+14,548169.262
Fiji,FJI,2020,4.47703E+14,447703.018
Fiji,FJI,2021,4.29624E+14,429623.543
Fiji,FJI,2022,4.94325E+13,49432.482
Finland,FIN,2013,2.71362E+14,271362.406
Finland,FIN,2014,2.74863E+14,274862.827
Finland,FIN,2015,2.34534E+14,234534.382
Finland,FIN,2016,2.40771E+11,240.771
Finland,FIN,2017,2.55648E+14,255647.98
Finland,FIN,2018,2.75708E+14,275708.002
Finland,FIN,2019,2.68515E+14,268514.917
Finland,FIN,2020,2.71886E+14,271886.077
Finland,FIN,2021,2.96388E+14,296387.625
Finland,FIN,2022,2.80826E+14,280825.958
France,FRA,2013,2.81188E+12,2811.877
France,FRA,2014,2.85596E+12,2855.964
France,FRA,2015,2.43919E+12,2439.189
France,FRA,2016,2.47296E+12,2472.964
France,FRA,2017,2.59515E+12,2595.151
France,FRA,2018,2.79096E+12,2790.957
France,FRA,2019,2.72887E+12,2728.87
France,FRA,2020,2.63901E+12,2639.009
France,FRA,2021,2.95788E+12,2957.88
France,FRA,2022,2.78291E+12,2782.905
Gabon,GAB,2013,1.75957E+14,175957.448
Gabon,GAB,2014,1.8204E+14,182039.669
Gabon,GAB,2015,1.43831E+14,143831.078
Gabon,GAB,2016,1.40239E+13,14023.89
Gabon,GAB,2017,1.49295E+13,14929.487
Gabon,GAB,2018,1.68673E+14,168673.264
Gabon,GAB,2019,1.68744E+14,168744.055
Gabon,GAB,2020,1.53146E+14,153145.772
Gabon,GAB,2021,2.02179E+14,202179.469
Gabon,GAB,2022,2.10717E+14,210717.392
Gambia,GMB,2013,1.37561E+14,137560.946
Gambia,GMB,2014,1.22946E+14,122946.173
Gambia,GMB,2015,1.37818E+14,137817.661
Gambia,GMB,2016,1.48458E+14,148457.89
Gambia,GMB,2017,1.50491E+14,150490.945
Gambia,GMB,2018,1.67067E+14,167067.134
Gambia,GMB,2019,1.81361E+14,181360.968
Gambia,GMB,2020,1.81217E+14,181217.088
Gambia,GMB,2021,2.03841E+14,203841.497
Gambia,GMB,2022,2.27306E+14,227306.086
Georgia,GEO,2013,1.71901E+14,171900.682
Georgia,GEO,2014,1.76273E+14,176273.362
Georgia,GEO,2015,1.49537E+14,149536.76
Georgia,GEO,2016,1.51416E+14,151415.986
Georgia,GEO,2017,1.62426E+14,162426.472
Georgia,GEO,2018,1.75969E+14,175969.225
Georgia,GEO,2019,1.74704E+14,174704.363
Georgia,GEO,2020,1.58429E+14,158429.225
Georgia,GEO,2021,1.86294E+13,18629.366
Georgia,GEO,2022,2.46054E+14,246053.754
Germany,DEU,2013,3.7338E+12,3733.805
Germany,DEU,2014,3.88909E+12,3889.093
Germany,DEU,2015,3.35759E+12,3357.586
Germany,DEU,2016,3.46985E+12,3469.853
Germany,DEU,2017,3.69085E+12,3690.849
Germany,DEU,2018,3.97444E+12,3974.443
Germany,DEU,2019,3.88823E+12,3888.226
Germany,DEU,2020,3.88967E+12,3889.669
Germany,DEU,2021,4.25993E+12,4259.935
Germany,DEU,2022,4.07219E+12,4072.192
Ghana,GHA,2013,6.28246E+14,628246.291
Ghana,GHA,2014,5.47833E+14,547833.206
Ghana,GHA,2015,4.9406E+14,494060.142
Ghana,GHA,2016,5.61649E+14,561649.335
Ghana,GHA,2017,6.04059E+14,604059.201
Ghana,GHA,2018,6.72989E+14,672989.138
Ghana,GHA,2019,6.8338E+14,683379.744
Ghana,GHA,2020,7.00431E+14,700430.955
Ghana,GHA,2021,7.91564E+14,791564.094
Ghana,GHA,2022,7.28388E+14,728387.988
Greece,GRC,2013,2.38908E+14,238907.69
Greece,GRC,2014,2.35458E+14,235458.133
Greece,GRC,2015,1.95684E+14,195683.527
Greece,GRC,2016,1.93148E+14,193148.147
Greece,GRC,2017,1.99844E+14,199844.406
Greece,GRC,2018,2.12049E+14,212049.447
Greece,GRC,2019,2.05257E+14,205257.015
Greece,GRC,2020,1.88926E+14,188925.996
Greece,GRC,2021,2.14874E+14,214873.88
Greece,GRC,2022,2.19066E+11,219.066
Greenland,GRL,2013,2.68495E+13,26849.471
Greenland,GRL,2014,2.84207E+14,284206.588
Greenland,GRL,2015,2.49911E+14,249911.309
Greenland,GRL,2016,2.70715E+14,270714.678
Greenland,GRL,2017,2.85161E+14,285161.066
Greenland,GRL,2018,3.05579E+13,30557.913
Greenland,GRL,2019,2.99733E+14,299733.109
Greenland,GRL,2020,3.08291E+14,308290.916
Greenland,GRL,2021,3.23582E+14,323581.62
Greenland,GRL,2022,3.23582E+14,323581.62
Grenada,GRD,2013,8.42619E+14,842618.519
Grenada,GRD,2014,9.11496E+14,911496.296
Grenada,GRD,2015,9.97007E+14,997007.407
Grenada,GRD,2016,1.06164E+14,106164.074
Grenada,GRD,2017,1.12569E+14,112568.519
Grenada,GRD,2018,1.16651E+14,116651.481
Grenada,GRD,2019,1.21349E+14,121348.519
Grenada,GRD,2020,1.04341E+14,104341.111
Grenada,GRD,2021,1122800000,1.123
Grenada,GRD,2022,1.25641E+14,125641.319
Guam,GUM,2013,5399000000,5.399
Guam,GUM,2014,5610000000,5.61
Guam,GUM,2015,5799000000,5.799
Guam,GUM,2016,5901000000,5.901
Guam,GUM,2017,6013000000,6.013
Guam,GUM,2018,6056000000,6.056
Guam,GUM,2019,6366000000,6.366
Guam,GUM,2020,5886000000,5.886
Guam,GUM,2021,6123000000,6.123
Guam,GUM,2022,6123000000,6.123
Guatemala,GTM,2013,5.29964E+14,529964.48
Guatemala,GTM,2014,57852150565,57.852
Guatemala,GTM,2015,6.21861E+14,621860.647
Guatemala,GTM,2016,6.60534E+14,660534.027
Guatemala,GTM,2017,7.16538E+14,716537.565
Guatemala,GTM,2018,7.33284E+14,733283.699
Guatemala,GTM,2019,7.71723E+14,771723.139
Guatemala,GTM,2020,7.77152E+14,777151.831
Guatemala,GTM,2021,8.60531E+14,860530.798
Guatemala,GTM,2022,9.50033E+14,950033.334
Guinea,GIN,2013,8.37661E+14,837661.388
Guinea,GIN,2014,8.77847E+14,877847.364
Guinea,GIN,2015,8.7942E+14,879420.239
Guinea,GIN,2016,8.59596E+13,85959.556
Guinea,GIN,2017,1.03247E+13,10324.668
Guinea,GIN,2018,1.1857E+14,118570.304
Guinea,GIN,2019,1.34429E+14,134428.615
Guinea,GIN,2020,1.41778E+14,141778.358
Guinea,GIN,2021,1.60918E+14,160918.178
Guinea,GIN,2022,2.12277E+14,212277.494
Guinea-Bissau,GNB,2013,1.04609E+14,104608.737
Guinea-Bissau,GNB,2014,1.05492E+14,105491.558
Guinea-Bissau,GNB,2015,1.04823E+14,104822.963
Guinea-Bissau,GNB,2016,1.179E+14,117900.491
Guinea-Bissau,GNB,2017,1.35018E+14,135017.701
Guinea-Bissau,GNB,2018,1.50463E+14,150463.023
Guinea-Bissau,GNB,2019,1.43964E+14,143963.841
Guinea-Bissau,GNB,2020,1.43176E+14,143175.823
Guinea-Bissau,GNB,2021,1.63852E+14,163851.761
Guinea-Bissau,GNB,2022,1.63356E+14,163355.909
Guyana,GUY,2013,4.1678E+14,416780.094
Guyana,GUY,2014,4.12766E+14,412766.016
Guyana,GUY,2015,4.27984E+13,42798.402
Guyana,GUY,2016,4.4827E+14,448269.734
Guyana,GUY,2017,4.74817E+14,474817.433
Guyana,GUY,2018,4.78764E+14,478763.701
Guyana,GUY,2019,5.17376E+14,517376.019
Guyana,GUY,2020,5.47126E+14,547125.659
Guyana,GUY,2021,8.0445E+14,804449.88
Guyana,GUY,2022,1.53575E+14,153575.371
Haiti,HTI,2013,1.49025E+14,149024.885
Haiti,HTI,2014,1.51469E+14,151468.836
Haiti,HTI,2015,1.48496E+14,148496.294
Haiti,HTI,2016,1.40693E+14,140692.775
Haiti,HTI,2017,15093357143,15.093
Haiti,HTI,2018,1.64039E+14,164038.645
Haiti,HTI,2019,1.50161E+14,150160.909
Haiti,HTI,2020,1.45082E+13,14508.223
Haiti,HTI,2021,2.08774E+14,208774.15
Haiti,HTI,2022,2.02536E+14,202535.519
Honduras,HND,2013,1.84997E+14,184997.291
Honduras,HND,2014,1.97565E+14,197565.337
Honduras,HND,2015,2.09798E+13,20979.792
Honduras,HND,2016,2.17176E+14,217176.046
Honduras,HND,2017,2.31362E+14,231362.48
Honduras,HND,2018,2.40678E+14,240677.505
Honduras,HND,2019,2.50899E+14,250899.371
Honduras,HND,2020,2.38279E+14,238278.597
Honduras,HND,2021,2.84887E+14,284887.213
Honduras,HND,2022,3.17177E+14,317177.001
Hungary,HUN,2013,1.35684E+14,135684.316
Hungary,HUN,2014,1.41034E+14,141033.843
Hungary,HUN,2015,1.25174E+14,125174.167
Hungary,HUN,2016,1.2861E+14,128609.823
Hungary,HUN,2017,1.43112E+14,143112.196
Hungary,HUN,2018,1.60566E+14,160565.643
Hungary,HUN,2019,1.6402E+14,164020.46
Hungary,HUN,2020,1.57227E+14,157227.094
Hungary,HUN,2021,1.82275E+11,182.275
Hungary,HUN,2022,1.78789E+14,178788.572
Iceland,ISL,2013,1.61251E+14,161250.605
Iceland,ISL,2014,1.78677E+14,178676.622
Iceland,ISL,2015,1.75172E+14,175172.105
Iceland,ISL,2016,2.07932E+14,207931.68
Iceland,ISL,2017,2.47283E+14,247282.852
Iceland,ISL,2018,2.62609E+14,262608.506
Iceland,ISL,2019,2.46636E+13,24663.643
Iceland,ISL,2020,2.15531E+14,215530.805
Iceland,ISL,2021,2.55526E+13,25552.64
Iceland,ISL,2022,2.78416E+14,278416.48
India,IND,2013,1.85672E+12,1856.721
India,IND,2014,2.03913E+12,2039.126
India,IND,2015,2.10359E+12,2103.588
India,IND,2016,2.2948E+12,2294.797
India,IND,2017,2.65147E+12,2651.474
India,IND,2018,2.70293E+12,2702.93
India,IND,2019,2.83561E+12,2835.606
India,IND,2020,2.6716E+12,2671.595
India,IND,2021,3.15031E+12,3150.307
India,IND,2022,3.38509E+12,3385.09
Indonesia,IDN,2013,9.12524E+14,912524.137
Indonesia,IDN,2014,8.90815E+14,890814.756
Indonesia,IDN,2015,8.60854E+14,860854.233
Indonesia,IDN,2016,9.31877E+14,931877.364
Indonesia,IDN,2017,1.01562E+12,1015.619
Indonesia,IDN,2018,1.04227E+12,1042.272
Indonesia,IDN,2019,1.1191E+12,1119.1
Indonesia,IDN,2020,1.05905E+12,1059.055
Indonesia,IDN,2021,1.18651E+12,1186.505
Indonesia,IDN,2022,1.3191E+12,1319.1
Iran,IRN,2013,4.92776E+14,492775.566
Iran,IRN,2014,4.60383E+14,460382.791
Iran,IRN,2015,4.08213E+14,408212.918
Iran,IRN,2016,4.57955E+11,457.955
Iran,IRN,2017,4.8663E+11,486.63
Iran,IRN,2018,3.27901E+14,327900.695
Iran,IRN,2019,2.8365E+14,283649.532
Iran,IRN,2020,2.39735E+14,239735.487
Iran,IRN,2021,3.59097E+14,359096.908
Iran,IRN,2022,3.88544E+14,388544.468
Iraq,IRQ,2013,2.34638E+14,234637.675
Iraq,IRQ,2014,2.28416E+14,228415.656
Iraq,IRQ,2015,1.66774E+11,166.774
Iraq,IRQ,2016,1.66602E+14,166602.489
Iraq,IRQ,2017,1.87218E+14,187217.66
Iraq,IRQ,2018,2.27367E+14,227367.469
Iraq,IRQ,2019,2.33636E+14,233636.098
Iraq,IRQ,2020,1.80924E+14,180924.091
Iraq,IRQ,2021,2.07692E+14,207691.599
Iraq,IRQ,2022,2.64182E+14,264182.174
Ireland,IRL,2013,2.38341E+14,238340.86
Ireland,IRL,2014,2.59171E+14,259170.904
Ireland,IRL,2015,2.91775E+14,291775.167
Ireland,IRL,2016,2.99091E+14,299091.128
Ireland,IRL,2017,3.36378E+14,336377.5
Ireland,IRL,2018,3.85737E+14,385736.681
Ireland,IRL,2019,3.99322E+14,399321.702
Ireland,IRL,2020,4.25852E+14,425852.282
Ireland,IRL,2021,5.04183E+14,504182.603
Ireland,IRL,2022,5.29245E+14,529244.87
Israel,ISR,2013,2.97733E+14,297732.778
Israel,ISR,2014,3.1433E+14,314330.062
Israel,ISR,2015,3.03414E+11,303.414
Israel,ISR,2016,3.22103E+14,322102.79
Israel,ISR,2017,3.58245E+14,358245.427
Israel,ISR,2018,3.76692E+14,376691.527
Israel,ISR,2019,4.02471E+14,402470.514
Israel,ISR,2020,4.13268E+14,413267.669
Israel,ISR,2021,4.88527E+14,488526.546
Israel,ISR,2022,5.22033E+14,522033.446
Italy,ITA,2013,2.14192E+12,2141.924
Italy,ITA,2014,2.16201E+12,2162.01
Italy,ITA,2015,1.83664E+12,1836.638
Italy,ITA,2016,1.87707E+12,1877.072
Italy,ITA,2017,1.9618E+12,1961.796
Italy,ITA,2018,2.09193E+12,2091.932
Italy,ITA,2019,2.0113E+12,2011.302
Italy,ITA,2020,1.89721E+12,1897.21
Italy,ITA,2021,2.11436E+12,2114.356
Italy,ITA,2022,2.01043E+12,2010.432
Jamaica,JAM,2013,1.42642E+14,142642.051
Jamaica,JAM,2014,1.38992E+14,138992.253
Jamaica,JAM,2015,1.41889E+14,141889.388
Jamaica,JAM,2016,1.40771E+14,140771.055
Jamaica,JAM,2017,1.4809E+14,148089.849
Jamaica,JAM,2018,15730791526,15.731
Jamaica,JAM,2019,1.58308E+14,158307.664
Jamaica,JAM,2020,1.38124E+14,138124.219
Jamaica,JAM,2021,1.46576E+14,146575.864
Jamaica,JAM,2022,1.70978E+14,170977.607
Japan,JPN,2013,5.21233E+12,5212.328
Japan,JPN,2014,4.89699E+12,4896.994
Japan,JPN,2015,4.44493E+12,4444.931
Japan,JPN,2016,5.00368E+12,5003.678
Japan,JPN,2017,4.93084E+12,4930.837
Japan,JPN,2018,5.04088E+12,5040.881
Japan,JPN,2019,5.11799E+12,5117.994
Japan,JPN,2020,5.04879E+12,5048.79
Japan,JPN,2021,5.00554E+12,5005.537
Japan,JPN,2022,4.23114E+12,4231.141
Jordan,JOR,2013,3.44544E+14,344544.401
Jordan,JOR,2014,3.68476E+14,368476.435
Jordan,JOR,2015,3.8587E+14,385870.179
Jordan,JOR,2016,3.98926E+14,398925.511
Jordan,JOR,2017,4.16084E+13,41608.436
Jordan,JOR,2018,4.33709E+14,433708.607
Jordan,JOR,2019,4.4503E+14,445030.058
Jordan,JOR,2020,4.35799E+14,435799.162
Jordan,JOR,2021,4.51163E+14,451163.17
Jordan,JOR,2022,4.74515E+14,474514.999
Kazakhstan,KAZ,2013,2.36635E+14,236634.604
Kazakhstan,KAZ,2014,2.21416E+14,221415.614
Kazakhstan,KAZ,2015,1.84388E+14,184388.404
Kazakhstan,KAZ,2016,1.37278E+14,137278.32
Kazakhstan,KAZ,2017,1.66806E+11,166.806
Kazakhstan,KAZ,2018,1.7934E+14,179339.978
Kazakhstan,KAZ,2019,1.81667E+11,181.667
Kazakhstan,KAZ,2020,1.71082E+14,171082.366
Kazakhstan,KAZ,2021,1.97112E+14,197112.255
Kazakhstan,KAZ,2022,2.20623E+14,220623.002
Kenya,KEN,2013,6.16714E+14,616714.405
Kenya,KEN,2014,6.82858E+14,682857.967
Kenya,KEN,2015,7.01204E+14,701204.467
Kenya,KEN,2016,7.48151E+14,748151.438
Kenya,KEN,2017,8.20365E+14,820365.113
Kenya,KEN,2018,9.2203E+13,92202.98
Kenya,KEN,2019,1.00378E+14,100378.436
Kenya,KEN,2020,1.00658E+14,100657.506
Kenya,KEN,2021,1.09704E+14,109703.659
Kenya,KEN,2022,1.1342E+14,113420.008
Kiribati,KIR,2013,1.84543E+14,184543.104
Kiribati,KIR,2014,1.77868E+14,177868.153
Kiribati,KIR,2015,1.70292E+14,170292.283
Kiribati,KIR,2016,1.78508E+14,178507.958
Kiribati,KIR,2017,1.88541E+14,188540.699
Kiribati,KIR,2018,1.96502E+14,196501.504
Kiribati,KIR,2019,1.75182E+14,175181.685
Kiribati,KIR,2020,1.77553E+14,177553.26
Kiribati,KIR,2021,2.2761E+14,227610.035
Kiribati,KIR,2022,2.23353E+14,223352.943
Kuwait,KWT,2013,1.74168E+14,174167.627
Kuwait,KWT,2014,1.6265E+14,162650.191
Kuwait,KWT,2015,1.14586E+14,114585.567
Kuwait,KWT,2016,1.09406E+14,109406.169
Kuwait,KWT,2017,1.20688E+11,120.688
Kuwait,KWT,2018,1.38202E+14,138202.31
Kuwait,KWT,2019,1.36192E+14,136191.753
Kuwait,KWT,2020,1.05949E+14,105948.765
Kuwait,KWT,2021,1.36797E+14,136797.422
Kuwait,KWT,2022,1.84558E+14,184558.274
Kyrgyzstan,KGZ,2013,7.33503E+14,733503.38
Kyrgyzstan,KGZ,2014,7.4681E+14,746810.237
Kyrgyzstan,KGZ,2015,6.67818E+14,667817.748
Kyrgyzstan,KGZ,2016,6.8131E+14,681309.54
Kyrgyzstan,KGZ,2017,7.70294E+14,770293.84
Kyrgyzstan,KGZ,2018,8.27111E+14,827110.62
Kyrgyzstan,KGZ,2019,8.87102E+14,887101.982
Kyrgyzstan,KGZ,2020,7.78087E+14,778087.326
Kyrgyzstan,KGZ,2021,8.74068E+14,874068.189
Kyrgyzstan,KGZ,2022,1.09306E+14,109306.449
Laos,LAO,2013,1.19833E+14,119832.526
Laos,LAO,2014,1.32792E+14,132792.485
Laos,LAO,2015,1.44264E+14,144263.812
Laos,LAO,2016,1.59125E+14,159124.954
Laos,LAO,2017,1.70712E+14,170711.621
Laos,LAO,2018,1.81417E+14,181416.514
Laos,LAO,2019,1.87406E+14,187405.596
Laos,LAO,2020,1.89818E+14,189818.007
Laos,LAO,2021,1.88271E+14,188271.485
Laos,LAO,2022,1.57244E+14,157243.838
Latvia,LVA,2013,3.02048E+14,302047.835
Latvia,LVA,2014,3.13869E+14,313868.965
Latvia,LVA,2015,2.72631E+14,272630.905
Latvia,LVA,2016,2.80836E+14,280835.975
Latvia,LVA,2017,3.04838E+14,304838.06
Latvia,LVA,2018,3.4429E+14,344290.234
Latvia,LVA,2019,3.4344E+14,343439.611
Latvia,LVA,2020,3.46017E+13,34601.74
Latvia,LVA,2021,3.97254E+14,397253.836
Latvia,LVA,2022,4.11539E+13,41153.913
Lebanon,LBN,2013,4.68801E+14,468801.031
Lebanon,LBN,2014,4.80952E+14,480952.137
Lebanon,LBN,2015,4.99293E+14,499293.378
Lebanon,LBN,2016,5.11473E+14,511473.088
Lebanon,LBN,2017,5.30277E+14,530276.807
Lebanon,LBN,2018,5.49015E+14,549015.192
Lebanon,LBN,2019,5.1606E+14,516059.591
Lebanon,LBN,2020,3.17121E+14,317121.283
Lebanon,LBN,2021,2.31319E+14,231319.416
Lebanon,LBN,2022,2.31319E+14,231319.416
Lesotho,LSO,2013,2.36711E+14,236711.317
Lesotho,LSO,2014,2.44106E+14,244106.317
Lesotho,LSO,2015,2.35975E+14,235975.409
Lesotho,LSO,2016,2.11443E+14,211442.647
Lesotho,LSO,2017,2.30674E+14,230674.16
Lesotho,LSO,2018,2.55625E+14,255624.716
Lesotho,LSO,2019,2.43603E+14,243602.959
Lesotho,LSO,2020,2.11774E+14,211773.653
Lesotho,LSO,2021,2.37342E+14,237341.627
Lesotho,LSO,2022,2.55346E+13,25534.598
Liberia,LBR,2013,3177198100,3.177
Liberia,LBR,2014,3225652000,3.226
Liberia,LBR,2015,3227075700,3.227
Liberia,LBR,2016,3398419600,3.398
Liberia,LBR,2017,3390703400,3.391
Liberia,LBR,2018,3422754800,3.423
Liberia,LBR,2019,3319596500,3.32
Liberia,LBR,2020,3039982500,3.04
Liberia,LBR,2021,3509000000,3.509
Liberia,LBR,2022,4001047150,4.001
Libya,LBY,2013,7.53511E+13,75351.118
Libya,LBY,2014,5.73724E+14,573723.526
Libya,LBY,2015,4.87175E+14,487175.063
Libya,LBY,2016,4.99121E+14,499120.852
Libya,LBY,2017,6.71575E+14,671574.517
Libya,LBY,2018,7.6686E+14,766860.485
Libya,LBY,2019,6.92541E+14,692541.44
Libya,LBY,2020,4.68082E+14,468082.087
Libya,LBY,2021,3.97984E+14,397984.239
Libya,LBY,2022,4.57523E+14,457523.36
Lithuania,LTU,2013,4.65234E+14,465234.201
Lithuania,LTU,2014,4.85337E+14,485336.596
Lithuania,LTU,2015,4.14355E+14,414355.333
Lithuania,LTU,2016,4.30473E+14,430473.093
Lithuania,LTU,2017,4.77587E+14,477587.369
Lithuania,LTU,2018,5.37514E+14,537514.114
Lithuania,LTU,2019,5.47606E+14,547606.17
Lithuania,LTU,2020,5.69148E+14,569148.269
Lithuania,LTU,2021,6.6415E+14,664149.95
Lithuania,LTU,2022,7.03343E+14,703342.99
Luxembourg,LUX,2013,6.52033E+14,652032.765
Luxembourg,LUX,2014,6.88048E+14,688048.119
Luxembourg,LUX,2015,6.00716E+14,600715.842
Luxembourg,LUX,2016,6.22169E+14,622168.854
Luxembourg,LUX,2017,6.57122E+14,657121.803
Luxembourg,LUX,2018,7.10004E+14,710003.598
Luxembourg,LUX,2019,6.98256E+14,698256.419
Luxembourg,LUX,2020,7.39926E+14,739925.913
Luxembourg,LUX,2021,8.55062E+14,855062.438
Luxembourg,LUX,2022,8.22748E+14,822748.123
Macedonia,MKD,2013,1.08177E+14,108177.024
Macedonia,MKD,2014,1.13623E+14,113622.653
Macedonia,MKD,2015,1.00645E+14,100645.2
Macedonia,MKD,2016,1.06725E+14,106724.671
Macedonia,MKD,2017,1.13071E+14,113070.67
Macedonia,MKD,2018,1.26831E+14,126830.68
Macedonia,MKD,2019,1.26063E+13,12606.338
Macedonia,MKD,2020,1.23636E+14,123635.805
Macedonia,MKD,2021,1.3825E+14,138250.498
Macedonia,MKD,2022,1.35631E+14,135631.321
Madagascar,MDG,2013,1.24236E+14,124235.555
Madagascar,MDG,2014,1.2523E+14,125229.574
Madagascar,MDG,2015,1.1323E+14,113230.207
Madagascar,MDG,2016,1.18486E+14,118486.139
Madagascar,MDG,2017,1.31763E+14,131763.136
Madagascar,MDG,2018,1.376E+14,137600.333
Madagascar,MDG,2019,1.41047E+14,141046.647
Madagascar,MDG,2020,1.30514E+14,130514.412
Madagascar,MDG,2021,1.45548E+14,145547.541
Madagascar,MDG,2022,1.4955E+14,149549.676
Malawi,MWI,2013,8.03157E+14,803157.193
Malawi,MWI,2014,8.80133E+14,880132.617
Malawi,MWI,2015,9.21947E+14,921947.437
Malawi,MWI,2016,7.90987E+14,790986.862
Malawi,MWI,2017,8.94354E+14,894354.368
Malawi,MWI,2018,9.88068E+14,988067.579
Malawi,MWI,2019,1.10254E+14,110253.711
Malawi,MWI,2020,1.20561E+14,120561.088
Malawi,MWI,2021,1.26023E+14,126023.341
Malawi,MWI,2022,1.31647E+14,131646.676
Malaysia,MYS,2013,3.23276E+14,323276.282
Malaysia,MYS,2014,3.38066E+14,338066.121
Malaysia,MYS,2015,3.01355E+11,301.355
Malaysia,MYS,2016,3.01255E+14,301255.332
Malaysia,MYS,2017,3.19109E+14,319109.103
Malaysia,MYS,2018,3.58789E+14,358788.834
Malaysia,MYS,2019,3.65178E+14,365177.744
Malaysia,MYS,2020,3.37339E+14,337339.463
Malaysia,MYS,2021,3.72981E+14,372981.073
Malaysia,MYS,2022,4.06306E+14,406305.925
Maldives,MDV,2013,3.29501E+14,329500.923
Maldives,MDV,2014,3.69735E+14,369735.316
Maldives,MDV,2015,4.10942E+14,410941.645
Maldives,MDV,2016,4.37913E+12,4379.134
Maldives,MDV,2017,4.75419E+13,47541.856
Maldives,MDV,2018,5.30095E+14,530094.982
Maldives,MDV,2019,5.60939E+12,5609.385
Maldives,MDV,2020,3.74633E+14,374632.936
Maldives,MDV,2021,5.40556E+14,540555.716
Maldives,MDV,2022,6.18987E+14,618986.541
Mali,MLI,2013,1.32427E+14,132426.908
Mali,MLI,2014,1.43649E+14,143649.371
Mali,MLI,2015,1.31048E+14,131047.644
Mali,MLI,2016,1.4026E+14,140260.483
Mali,MLI,2017,1.53657E+14,153657.131
Mali,MLI,2018,1.70709E+14,170708.676
Mali,MLI,2019,1.72803E+14,172802.508
Mali,MLI,2020,1.74654E+14,174653.928
Mali,MLI,2021,1.93095E+14,193094.635
Mali,MLI,2022,1.88272E+14,188271.765
Malta,MLT,2013,1.0551E+14,105509.681
Malta,MLT,2014,1.16258E+14,116258.432
Malta,MLT,2015,1.10915E+14,110914.675
Malta,MLT,2016,1.1668E+13,11667.976
Malta,MLT,2017,1.34893E+14,134892.97
Malta,MLT,2018,1.5298E+14,152980.041
Malta,MLT,2019,1.58813E+14,158812.581
Malta,MLT,2020,1.50461E+14,150461.369
Malta,MLT,2021,1.77434E+14,177433.762
Malta,MLT,2022,1.77653E+14,177652.7
Marshall Islands,MHL,2013,185468000,0.185
Marshall Islands,MHL,2014,185172900,0.185
Marshall Islands,MHL,2015,182997300,0.183
Marshall Islands,MHL,2016,200716000,0.201
Marshall Islands,MHL,2017,212701200,0.213
Marshall Islands,MHL,2018,219330300,0.219
Marshall Islands,MHL,2019,232092300,0.232
Marshall Islands,MHL,2020,241722400,0.242
Marshall Islands,MHL,2021,259538700,0.26
Marshall Islands,MHL,2022,279667900,0.28
Mauritania,MRT,2013,7.22307E+14,722307.118
Mauritania,MRT,2014,6.59254E+14,659253.778
Mauritania,MRT,2015,6.16686E+14,616686.396
Mauritania,MRT,2016,6.39874E+14,639874.186
Mauritania,MRT,2017,6.80014E+14,680013.876
Mauritania,MRT,2018,7.47355E+14,747355.056
Mauritania,MRT,2019,8.06612E+14,806611.898
Mauritania,MRT,2020,8.4055E+14,840549.874
Mauritania,MRT,2021,9.99624E+14,999624.042
Mauritania,MRT,2022,1.03755E+14,103754.607
Mauritius,MUS,2013,1.2293E+14,122929.74
Mauritius,MUS,2014,1.30741E+14,130741.301
Mauritius,MUS,2015,1.20073E+14,120072.91
Mauritius,MUS,2016,1.25942E+13,12594.155
Mauritius,MUS,2017,1.37135E+14,137135.06
Mauritius,MUS,2018,1.47357E+14,147356.959
Mauritius,MUS,2019,1.44363E+14,144363.471
Mauritius,MUS,2020,1.1401E+14,114010.41
Mauritius,MUS,2021,1.14764E+14,114764.336
Mauritius,MUS,2022,1.28983E+14,128983.071
Mexico,MEX,2013,1.27444E+12,1274.444
Mexico,MEX,2014,1.31536E+12,1315.356
Mexico,MEX,2015,1.17187E+12,1171.87
Mexico,MEX,2016,1.07849E+12,1078.493
Mexico,MEX,2017,1.15891E+12,1158.912
Mexico,MEX,2018,1.22241E+12,1222.406
Mexico,MEX,2019,1.26901E+12,1269.01
Mexico,MEX,2020,1.09051E+12,1090.515
Mexico,MEX,2021,1.27284E+12,1272.839
Mexico,MEX,2022,1.41419E+12,1414.187
Micronesia (country),FSM,2013,317214400,0.317
Micronesia (country),FSM,2014,319271200,0.319
Micronesia (country),FSM,2015,316489900,0.316
Micronesia (country),FSM,2016,332265200,0.332
Micronesia (country),FSM,2017,366666800,0.367
Micronesia (country),FSM,2018,401932300,0.402
Micronesia (country),FSM,2019,412000000,0.412
Micronesia (country),FSM,2020,408000000,0.408
Micronesia (country),FSM,2021,404028900,0.404
Micronesia (country),FSM,2022,4.27094E+14,427094.119
Moldova,MDA,2013,9.49672E+14,949671.77
Moldova,MDA,2014,9.39983E+14,939983.321
Moldova,MDA,2015,7.79869E+14,779869.288
Moldova,MDA,2016,7.98245E+14,798245.076
Moldova,MDA,2017,9.51905E+14,951905.316
Moldova,MDA,2018,1.12537E+14,112537.278
Moldova,MDA,2019,1.17358E+14,117357.746
Moldova,MDA,2020,1.1532E+14,115319.679
Moldova,MDA,2021,1.36922E+14,136922.301
Moldova,MDA,2022,1.44209E+14,144209.479
Mongolia,MNG,2013,1.25821E+14,125821.226
Mongolia,MNG,2014,1.22265E+14,122265.147
Mongolia,MNG,2015,1.16199E+14,116198.926
Mongolia,MNG,2016,1.11814E+14,111813.506
Mongolia,MNG,2017,1.14808E+14,114808.477
Mongolia,MNG,2018,1.31781E+14,131780.947
Mongolia,MNG,2019,1.42064E+14,142063.59
Mongolia,MNG,2020,1.3313E+14,133129.814
Mongolia,MNG,2021,1.52864E+13,15286.442
Mongolia,MNG,2022,1.68109E+13,16810.883
Montenegro,MNE,2013,4.46577E+14,446577.167
Montenegro,MNE,2014,4.59385E+14,459385.209
Montenegro,MNE,2015,4.05473E+14,405472.817
Montenegro,MNE,2016,4.37693E+14,437692.957
Montenegro,MNE,2017,4.8566E+14,485660.218
Montenegro,MNE,2018,5.50694E+14,550694.44
Montenegro,MNE,2019,5.54205E+14,554205.385
Montenegro,MNE,2020,4.77E+14,476999.551
Montenegro,MNE,2021,5.86143E+14,586143.053
Montenegro,MNE,2022,6.09598E+14,609597.887
Morocco,MAR,2013,1.15739E+14,115739.288
Morocco,MAR,2014,1.19131E+14,119130.846
Morocco,MAR,2015,1.10414E+14,110413.821
Morocco,MAR,2016,1.11573E+14,111572.947
Morocco,MAR,2017,1.18541E+14,118540.575
Morocco,MAR,2018,1.27341E+14,127341.142
Morocco,MAR,2019,1.2892E+14,128920.265
Morocco,MAR,2020,1.21348E+14,121347.534
Morocco,MAR,2021,1.42867E+14,142866.583
Morocco,MAR,2022,1.34182E+14,134181.588
Mozambique,MOZ,2013,1.69743E+14,169743.143
Mozambique,MOZ,2014,1.77161E+14,177160.911
Mozambique,MOZ,2015,1.5951E+14,159509.793
Mozambique,MOZ,2016,1.1937E+14,119369.931
Mozambique,MOZ,2017,1.32191E+14,132190.795
Mozambique,MOZ,2018,1.48454E+14,148454.006
Mozambique,MOZ,2019,1.539E+14,153900.31
Mozambique,MOZ,2020,1.41569E+14,141568.649
Mozambique,MOZ,2021,1.57768E+14,157767.574
Mozambique,MOZ,2022,1.78515E+14,178514.914
Myanmar,MMR,2013,6.05723E+14,605722.571
Myanmar,MMR,2014,6.32649E+14,632648.928
Myanmar,MMR,2015,6.30453E+14,630453.065
Myanmar,MMR,2016,6.02917E+14,602917.389
Myanmar,MMR,2017,6.14494E+14,614493.919
Myanmar,MMR,2018,6.71447E+14,671447.262
Myanmar,MMR,2019,6.86978E+14,686977.615
Myanmar,MMR,2020,7.89303E+14,789302.591
Myanmar,MMR,2021,6.51248E+14,651247.696
Myanmar,MMR,2022,5.93644E+14,593643.625
Namibia,NAM,2013,1.20433E+14,120433.073
Namibia,NAM,2014,1.24354E+14,124354.304
Namibia,NAM,2015,1.13352E+14,113351.612
Namibia,NAM,2016,1.0722E+14,107220.19
Namibia,NAM,2017,1.28952E+13,12895.153
Namibia,NAM,2018,1.3682E+14,136820.192
Namibia,NAM,2019,1.25419E+14,125419.281
Namibia,NAM,2020,1.05837E+14,105837.488
Namibia,NAM,2021,1.24463E+14,124462.909
Namibia,NAM,2022,1.26074E+13,12607.437
Nepal,NPL,2013,2.21622E+14,221622.05
Nepal,NPL,2014,2.27316E+14,227316.128
Nepal,NPL,2015,2.43608E+14,243608.013
Nepal,NPL,2016,2.45241E+14,245241.095
Nepal,NPL,2017,2.89716E+14,289715.889
Nepal,NPL,2018,3.31115E+14,331115.252
Nepal,NPL,2019,3.41862E+14,341861.807
Nepal,NPL,2020,3.34337E+14,334336.592
Nepal,NPL,2021,3.69248E+14,369248.414
Nepal,NPL,2022,4.08282E+14,408282.473
Netherlands,NLD,2013,8.77173E+14,877172.825
Netherlands,NLD,2014,8.92168E+14,892167.987
Netherlands,NLD,2015,7.65573E+14,765572.771
Netherlands,NLD,2016,7.8406E+14,784060.43
Netherlands,NLD,2017,8.3387E+14,833869.642
Netherlands,NLD,2018,9.14043E+14,914043.438
Netherlands,NLD,2019,9.10194E+11,910.194
Netherlands,NLD,2020,9.09793E+14,909793.467
Netherlands,NLD,2021,1.0118E+12,1011.799
Netherlands,NLD,2022,9.91115E+14,991114.636
New Zealand,NZL,2013,1.90907E+14,190906.575
New Zealand,NZL,2014,2.01313E+14,201313.497
New Zealand,NZL,2015,1.78064E+14,178064.471
New Zealand,NZL,2016,1.88838E+14,188838.343
New Zealand,NZL,2017,2.06556E+14,206556.259
New Zealand,NZL,2018,2.11887E+14,211886.687
New Zealand,NZL,2019,2.13092E+14,213091.987
New Zealand,NZL,2020,2.1257E+14,212569.78
New Zealand,NZL,2021,2.55552E+14,255551.705
New Zealand,NZL,2022,2.47234E+14,247234.054
Nicaragua,NIC,2013,1.0983E+14,109829.547
Nicaragua,NIC,2014,1.18804E+14,118804.339
Nicaragua,NIC,2015,1.27567E+14,127567.222
Nicaragua,NIC,2016,1.32861E+14,132860.662
Nicaragua,NIC,2017,1.37859E+14,137858.909
Nicaragua,NIC,2018,1.30253E+14,130252.665
Nicaragua,NIC,2019,1.2699E+13,12699.029
Nicaragua,NIC,2020,1.26782E+14,126781.624
Nicaragua,NIC,2021,1.41459E+14,141458.521
Nicaragua,NIC,2022,1.56716E+14,156715.839
Niger,NER,2013,1.02249E+14,102248.974
Niger,NER,2014,1.08629E+14,108629.435
Niger,NER,2015,9.68387E+14,968386.793
Niger,NER,2016,1.03989E+14,103988.62
Niger,NER,2017,1.11851E+14,111851.014
Niger,NER,2018,1.28087E+14,128086.615
Niger,NER,2019,1.29165E+14,129164.549
Niger,NER,2020,1.37442E+14,137441.746
Niger,NER,2021,1.4915E+14,149150.021
Niger,NER,2022,1.39696E+14,139696.056
Nigeria,NGA,2013,5.20117E+14,520117.164
Nigeria,NGA,2014,5.74184E+14,574183.826
Nigeria,NGA,2015,4.93027E+14,493026.782
Nigeria,NGA,2016,4.04649E+14,404649.049
Nigeria,NGA,2017,3.75746E+14,375745.732
Nigeria,NGA,2018,4.21739E+14,421739.21
Nigeria,NGA,2019,4.74517E+14,474517.471
Nigeria,NGA,2020,4.32199E+14,432198.936
Nigeria,NGA,2021,4.40834E+14,440833.584
Nigeria,NGA,2022,4.77386E+14,477386.121
North Korea,PRK,2013,1.3708E+12,1370.795
North Korea,PRK,2014,1.48432E+12,1484.318
North Korea,PRK,2015,1.46577E+12,1465.773
North Korea,PRK,2016,1.50011E+12,1500.112
North Korea,PRK,2017,1.6239E+12,1623.901
North Korea,PRK,2018,1.72485E+12,1724.846
North Korea,PRK,2019,1.65142E+12,1651.423
North Korea,PRK,2020,1.64431E+12,1644.313
North Korea,PRK,2021,1.81096E+12,1810.956
North Korea,PRK,2022,1.66525E+12,1665.246
Northern Mariana Islands,MNP,2013,772000000,0.772
Northern Mariana Islands,MNP,2014,832000000,0.832
Northern Mariana Islands,MNP,2015,910000000,0.91
Northern Mariana Islands,MNP,2016,1230000000,1.23
Northern Mariana Islands,MNP,2017,1560000000,1.56
Northern Mariana Islands,MNP,2018,1301000000,1.301
Northern Mariana Islands,MNP,2019,1181000000,1.181
Northern Mariana Islands,MNP,2020,858000000,0.858
Northern Mariana Islands,MNP,2021,858000000,0.858
Northern Mariana Islands,MNP,2022,858000000,0.858
Norway,NOR,2013,5.26014E+14,526014.468
Norway,NOR,2014,5.01736E+14,501736.472
Norway,NOR,2015,3.8816E+11,388.16
Norway,NOR,2016,3.70957E+14,370956.548
Norway,NOR,2017,4.01745E+14,401745.275
Norway,NOR,2018,4.39789E+11,439.789
Norway,NOR,2019,4.08743E+14,408742.841
Norway,NOR,2020,3.67633E+14,367633.419
Norway,NOR,2021,4.90293E+14,490293.364
Norway,NOR,2022,5.79267E+14,579267.366
Oman,OMN,2013,8.9936E+14,899360.208
Oman,OMN,2014,9.26991E+14,926990.897
Oman,OMN,2015,7.87108E+14,787107.932
Oman,OMN,2016,7.51287E+14,751287.386
Oman,OMN,2017,8.08567E+14,808566.97
Oman,OMN,2018,9.15059E+14,915058.518
Oman,OMN,2019,8.80609E+14,880608.583
Oman,OMN,2020,7.59094E+14,759093.977
Oman,OMN,2021,8.8192E+13,88191.977
Oman,OMN,2022,1.14667E+14,114667.36
Pakistan,PAK,2013,2.31218E+14,231218.468
Pakistan,PAK,2014,2.44361E+14,244360.859
Pakistan,PAK,2015,2.70556E+14,270556.105
Pakistan,PAK,2016,3.1363E+14,313629.999
Pakistan,PAK,2017,3.39206E+14,339205.536
Pakistan,PAK,2018,3.56128E+14,356128.168
Pakistan,PAK,2019,3.20909E+14,320909.473
Pakistan,PAK,2020,3.00426E+11,300.426
Pakistan,PAK,2021,3.48263E+14,348262.545
Pakistan,PAK,2022,3.76533E+14,376532.752
Palestine,PSE,2013,,0
Palestine,PSE,2014,,0
Palestine,PSE,2015,,0
Palestine,PSE,2016,,0
Palestine,PSE,2017,,0
Palestine,PSE,2018,,0
Palestine,PSE,2019,,0
Palestine,PSE,2020,,0
Palestine,PSE,2021,,0
Palestine,PSE,2022,,0
Panama,PAN,2013,45599900000,45.6
Panama,PAN,2014,49921400000,49.921
Panama,PAN,2015,54091800000,54.092
Panama,PAN,2016,57907700000,57.908
Panama,PAN,2017,62202700000,62.203
Panama,PAN,2018,6.72942E+14,672941.692
Panama,PAN,2019,6.97218E+14,697217.875
Panama,PAN,2020,5.70868E+14,570868.369
Panama,PAN,2021,6.74067E+14,674067.381
Panama,PAN,2022,7.65225E+14,765225.118
Papua New Guinea,PNG,2013,2.12613E+14,212613.381
Papua New Guinea,PNG,2014,2.32108E+13,23210.824
Papua New Guinea,PNG,2015,21723439626,21.723
Papua New Guinea,PNG,2016,2.07589E+14,207588.75
Papua New Guinea,PNG,2017,2.27427E+14,227426.964
Papua New Guinea,PNG,2018,2.41098E+14,241097.801
Papua New Guinea,PNG,2019,2.47511E+14,247510.692
Papua New Guinea,PNG,2020,2.38484E+13,23848.442
Papua New Guinea,PNG,2021,26311656000,26.312
Papua New Guinea,PNG,2022,3.06334E+13,30633.444
Paraguay,PRY,2013,3.86513E+14,386513.346
Paraguay,PRY,2014,4.0378E+14,403779.873
Paraguay,PRY,2015,36211372646,36.211
Paraguay,PRY,2016,3.60896E+13,36089.551
Paraguay,PRY,2017,3.89971E+14,389971.298
Paraguay,PRY,2018,4.02254E+14,402254.487
Paraguay,PRY,2019,3.79253E+14,379253.385
Paraguay,PRY,2020,3.54322E+14,354321.779
Paraguay,PRY,2021,3.99509E+13,39950.9
Paraguay,PRY,2022,4.17223E+14,417222.954
Peru,PER,2013,2.01176E+14,201175.542
Peru,PER,2014,2.00786E+14,200786.241
Peru,PER,2015,1.89803E+14,189802.962
Peru,PER,2016,1.91898E+14,191898.128
Peru,PER,2017,2.11008E+14,211007.952
Peru,PER,2018,2.22597E+14,222597.03
Peru,PER,2019,2.28326E+14,228325.852
Peru,PER,2020,2.01948E+14,201947.604
Peru,PER,2021,2.23718E+14,223717.791
Peru,PER,2022,2.42632E+14,242631.55
Philippines,PHL,2013,2.83903E+14,283902.83
Philippines,PHL,2014,2.97484E+14,297483.553
Philippines,PHL,2015,3.06446E+14,306445.872
Philippines,PHL,2016,3.18627E+14,318627.004
Philippines,PHL,2017,3.28481E+11,328.481
Philippines,PHL,2018,3.46842E+14,346841.897
Philippines,PHL,2019,3.76823E+14,376823.405
Philippines,PHL,2020,3.61751E+14,361751.145
Philippines,PHL,2021,3.94087E+14,394087.362
Philippines,PHL,2022,4.04284E+14,404284.327
Poland,POL,2013,5.15762E+14,515762.008
Poland,POL,2014,5.39081E+14,539080.532
Poland,POL,2015,4.77111E+14,477111.288
Poland,POL,2016,4.70025E+14,470024.56
Poland,POL,2017,5.24641E+14,524641.207
Poland,POL,2018,5.8878E+14,588779.851
Poland,POL,2019,5.96058E+14,596058.473
Poland,POL,2020,5.99443E+14,599442.784
Poland,POL,2021,6.79442E+14,679441.901
Poland,POL,2022,6.88177E+14,688176.606
Portugal,PRT,2013,2.26434E+14,226433.858
Portugal,PRT,2014,2.29902E+14,229901.964
Portugal,PRT,2015,1.99394E+11,199.394
Portugal,PRT,2016,2.06426E+14,206426.152
Portugal,PRT,2017,2.21358E+14,221357.875
Portugal,PRT,2018,2.42313E+14,242313.117
Portugal,PRT,2019,2.39987E+14,239986.923
Portugal,PRT,2020,2.29032E+14,229031.861
Portugal,PRT,2021,2.53983E+14,253982.848
Portugal,PRT,2022,2.51945E+14,251945.378
Puerto Rico,PRI,2013,1.0245E+11,102.45
Puerto Rico,PRI,2014,1.02446E+11,102.446
Puerto Rico,PRI,2015,1.03376E+11,103.376
Puerto Rico,PRI,2016,1.04337E+11,104.337
Puerto Rico,PRI,2017,1.03446E+11,103.446
Puerto Rico,PRI,2018,1.00958E+11,100.958
Puerto Rico,PRI,2019,1.05126E+11,105.126
Puerto Rico,PRI,2020,1.03131E+11,103.131
Puerto Rico,PRI,2021,1.06369E+11,106.369
Puerto Rico,PRI,2022,1.13435E+11,113.435
Qatar,QAT,2013,1.98728E+14,198727.643
Qatar,QAT,2014,2.06225E+14,206224.599
Qatar,QAT,2015,1.6174E+14,161739.956
Qatar,QAT,2016,1.51732E+14,151732.182
Qatar,QAT,2017,1.61099E+14,161099.122
Qatar,QAT,2018,1.83335E+14,183334.954
Qatar,QAT,2019,1.76371E+14,176371.268
Qatar,QAT,2020,1.44411E+11,144.411
Qatar,QAT,2021,1.79677E+14,179677.132
Qatar,QAT,2022,2.37296E+14,237295.575
Romania,ROU,2013,1.89789E+14,189789.278
Romania,ROU,2014,1.99714E+14,199713.78
Romania,ROU,2015,1.77884E+14,177883.898
Romania,ROU,2016,1.85288E+14,185287.615
Romania,ROU,2017,2.10147E+14,210147.181
Romania,ROU,2018,2.43316E+14,243316.051
Romania,ROU,2019,2.51018E+14,251017.798
Romania,ROU,2020,2.51363E+14,251362.534
Romania,ROU,2021,2.85405E+14,285404.683
Romania,ROU,2022,3.01262E+14,301261.583
Russia,RUS,2013,2.29247E+12,2292.47
Russia,RUS,2014,2.05924E+12,2059.242
Russia,RUS,2015,1.36348E+12,1363.482
Russia,RUS,2016,1.27679E+12,1276.786
Russia,RUS,2017,1.5742E+12,1574.199
Russia,RUS,2018,1.65733E+12,1657.329
Russia,RUS,2019,1.69311E+12,1693.115
Russia,RUS,2020,1.49308E+12,1493.076
Russia,RUS,2021,1.83689E+12,1836.892
Russia,RUS,2022,2.24042E+12,2240.422
Rwanda,RWA,2013,7.82005E+14,782005.208
Rwanda,RWA,2014,8.23904E+14,823904.25
Rwanda,RWA,2015,8.54387E+14,854386.936
Rwanda,RWA,2016,8.69532E+14,869531.885
Rwanda,RWA,2017,9.25283E+14,925283.368
Rwanda,RWA,2018,9.63651E+14,963651.084
Rwanda,RWA,2019,1.03467E+14,103466.756
Rwanda,RWA,2020,1.01729E+14,101729.252
Rwanda,RWA,2021,1.10553E+14,110552.82
Rwanda,RWA,2022,1.33128E+14,133127.968
Saint Lucia,LCA,2013,1.66022E+14,166022.222
Saint Lucia,LCA,2014,1.7493E+13,17492.963
Saint Lucia,LCA,2015,1.80722E+14,180722.222
Saint Lucia,LCA,2016,1.86544E+14,186544.444
Saint Lucia,LCA,2017,1.9967E+13,19967.037
Saint Lucia,LCA,2018,2.05707E+14,205707.407
Saint Lucia,LCA,2019,2.09419E+14,209418.519
Saint Lucia,LCA,2020,1516000000,1.516
Saint Lucia,LCA,2021,1.69126E+14,169125.926
Saint Lucia,LCA,2022,2.06503E+14,206502.756
Saint Vincent and the Grenadines,VCT,2013,7.64781E+14,764781.259
Saint Vincent and the Grenadines,VCT,2014,7.70901E+14,770901.436
Saint Vincent and the Grenadines,VCT,2015,7.86555E+14,786554.581
Saint Vincent and the Grenadines,VCT,2016,8.14302E+14,814302.267
Saint Vincent and the Grenadines,VCT,2017,8.44039E+14,844039.069
Saint Vincent and the Grenadines,VCT,2018,8.84328E+14,884328.181
Saint Vincent and the Grenadines,VCT,2019,9.10766E+14,910765.71
Saint Vincent and the Grenadines,VCT,2020,8.69112E+14,869111.853
Saint Vincent and the Grenadines,VCT,2021,8.72226E+14,872226.064
Saint Vincent and the Grenadines,VCT,2022,9.48559E+14,948558.503
Samoa,WSM,2013,7.97736E+14,797736.266
Samoa,WSM,2014,7.96684E+13,79668.367
Samoa,WSM,2015,8.2415E+14,824150.487
Samoa,WSM,2016,8.43925E+14,843924.751
Samoa,WSM,2017,8.84844E+14,884844.42
Samoa,WSM,2018,8.78448E+14,878448.439
Samoa,WSM,2019,9.12951E+14,912950.619
Samoa,WSM,2020,8.68898E+14,868898.35
Samoa,WSM,2021,8.43851E+14,843850.778
Samoa,WSM,2022,8.32422E+14,832421.565
Sao Tome and Principe,STP,2013,3.00554E+14,300554.484
Sao Tome and Principe,STP,2014,3.46528E+14,346528.329
Sao Tome and Principe,STP,2015,3.16066E+14,316066.072
Sao Tome and Principe,STP,2016,3.45496E+14,345495.615
Sao Tome and Principe,STP,2017,3.75614E+14,375614.126
Sao Tome and Principe,STP,2018,4.12254E+14,412253.81
Sao Tome and Principe,STP,2019,4.27425E+14,427425.04
Sao Tome and Principe,STP,2020,4.72551E+14,472551.024
Sao Tome and Principe,STP,2021,5.26654E+14,526653.791
Sao Tome and Principe,STP,2022,5.4668E+14,546680.342
Saudi Arabia,SAU,2013,7.53865E+14,753864.543
Saudi Arabia,SAU,2014,7.66606E+14,766605.947
Saudi Arabia,SAU,2015,6.69484E+14,669484.381
Saudi Arabia,SAU,2016,6.66E+14,665999.88
Saudi Arabia,SAU,2017,7.14995E+14,714994.695
Saudi Arabia,SAU,2018,8.46584E+14,846583.785
Saudi Arabia,SAU,2019,8.38565E+14,838564.706
Saudi Arabia,SAU,2020,7.34271E+11,734.271
Saudi Arabia,SAU,2021,8.68586E+14,868585.871
Saudi Arabia,SAU,2022,1.10815E+12,1108.149
Senegal,SEN,2013,1.89187E+14,189186.677
Senegal,SEN,2014,1.97973E+14,197972.534
Senegal,SEN,2015,1.77748E+14,177747.667
Senegal,SEN,2016,1.90403E+14,190403.123
Senegal,SEN,2017,2.09966E+13,20996.563
Senegal,SEN,2018,2.31167E+14,231167.015
Senegal,SEN,2019,2.3404E+14,234039.96
Senegal,SEN,2020,2.45305E+14,245305.131
Senegal,SEN,2021,2.75691E+14,275691.367
Senegal,SEN,2022,2.76844E+14,276844.302
Serbia,SRB,2013,4.83942E+14,483942.395
Serbia,SRB,2014,4.70622E+14,470622.022
Serbia,SRB,2015,3.96559E+14,396559.497
Serbia,SRB,2016,4.06927E+13,40692.662
Serbia,SRB,2017,4.41791E+14,441790.758
Serbia,SRB,2018,5.06407E+14,506406.629
Serbia,SRB,2019,5.15142E+14,515142.428
Serbia,SRB,2020,5.33565E+13,53356.485
Serbia,SRB,2021,6.3082E+14,630820.212
Serbia,SRB,2022,6.35017E+14,635017.487
Seychelles,SYC,2013,1.32492E+13,13249.152
Seychelles,SYC,2014,1.38758E+14,138757.641
Seychelles,SYC,2015,1.39143E+14,139142.797
Seychelles,SYC,2016,1.45895E+14,145895.411
Seychelles,SYC,2017,1.52977E+14,152977.329
Seychelles,SYC,2018,1.58781E+14,158781.325
Seychelles,SYC,2019,1.64509E+14,164509.057
Seychelles,SYC,2020,1.18352E+14,118351.54
Seychelles,SYC,2021,1.28669E+14,128668.787
Seychelles,SYC,2022,1.58841E+14,158840.648
Sierra Leone,SLE,2013,4.92034E+14,492034.32
Sierra Leone,SLE,2014,5.01518E+14,501518.084
Sierra Leone,SLE,2015,4.25203E+14,425202.935
Sierra Leone,SLE,2016,3.86272E+14,386272.12
Sierra Leone,SLE,2017,3.71944E+14,371944.332
Sierra Leone,SLE,2018,4.08511E+14,408511.454
Sierra Leone,SLE,2019,4.07658E+14,407657.865
Sierra Leone,SLE,2020,4.06291E+14,406290.636
Sierra Leone,SLE,2021,4.24923E+14,424923.457
Sierra Leone,SLE,2022,3.97034E+14,397034.385
Singapore,SGP,2013,3.07576E+14,307576.361
Singapore,SGP,2014,3.14864E+14,314863.581
Singapore,SGP,2015,3.07999E+14,307998.545
Singapore,SGP,2016,3.1903E+14,319029.974
Singapore,SGP,2017,3.43273E+14,343272.879
Singapore,SGP,2018,3.7687E+14,376869.586
Singapore,SGP,2019,3.76837E+14,376837.488
Singapore,SGP,2020,3.48392E+14,348392.175
Singapore,SGP,2021,4.23797E+14,423796.995
Singapore,SGP,2022,4.66789E+14,466788.54
Slovakia,SVK,2013,9.89352E+14,989352.222
Slovakia,SVK,2014,1.01437E+14,101437.045
Slovakia,SVK,2015,8.89009E+14,889008.831
Slovakia,SVK,2016,8.99527E+14,899526.995
Slovakia,SVK,2017,9.565E+13,95649.966
Slovakia,SVK,2018,1.06138E+14,106137.924
Slovakia,SVK,2019,1.0571E+14,105710.052
Slovakia,SVK,2020,1.06729E+14,106728.917
Slovakia,SVK,2021,1.18657E+14,118656.592
Slovakia,SVK,2022,1.15469E+14,115468.804
Slovenia,SVN,2013,4.84157E+14,484156.573
Slovenia,SVN,2014,4.99972E+14,499971.864
Slovenia,SVN,2015,4.31075E+14,431075.06
Slovenia,SVN,2016,4.47667E+14,447667.228
Slovenia,SVN,2017,4.85891E+14,485891
Slovenia,SVN,2018,5.41779E+14,541778.824
Slovenia,SVN,2019,5.43316E+14,543315.885
Slovenia,SVN,2020,5.37068E+14,537068
Slovenia,SVN,2021,6.17486E+14,617485.865
Slovenia,SVN,2022,6.21178E+14,621177.68
Solomon Islands,SLB,2013,1.28591E+14,128591.157
Solomon Islands,SLB,2014,1.33557E+14,133557.136
Solomon Islands,SLB,2015,1.30791E+14,130790.989
Solomon Islands,SLB,2016,1.37949E+14,137949.032
Solomon Islands,SLB,2017,1.46979E+14,146978.905
Solomon Islands,SLB,2018,1.61548E+14,161547.842
Solomon Islands,SLB,2019,1.61915E+14,161915.496
Solomon Islands,SLB,2020,1.53615E+13,15361.458
Solomon Islands,SLB,2021,1.5803E+14,158030.352
Solomon Islands,SLB,2022,1.59571E+14,159571.078
Somalia,SOM,2013,4.577E+14,457700.001
Somalia,SOM,2014,5.025E+14,502499.999
Somalia,SOM,2015,5335000000,5.335
Somalia,SOM,2016,5534000000,5.534
Somalia,SOM,2017,5609000000,5.609
Somalia,SOM,2018,5.856E+14,585600.001
Somalia,SOM,2019,6485000000,6.485
Somalia,SOM,2020,6883000000,6.883
Somalia,SOM,2021,7.628E+14,762800.001
Somalia,SOM,2022,8126105600,8.126
South Africa,ZAF,2013,4.00886E+14,400886.014
South Africa,ZAF,2014,3.81199E+14,381198.87
South Africa,ZAF,2015,3.4671E+14,346709.79
South Africa,ZAF,2016,3.23586E+14,323585.51
South Africa,ZAF,2017,3.81449E+14,381448.815
South Africa,ZAF,2018,4.04159E+14,404158.882
South Africa,ZAF,2019,3.88531E+14,388531.227
South Africa,ZAF,2020,3.3762E+14,337619.57
South Africa,ZAF,2021,4.19016E+14,419015.636
South Africa,ZAF,2022,4.0587E+14,405869.718
South Korea,KOR,2013,1.3708E+12,1370.795
South Korea,KOR,2014,1.48432E+12,1484.318
South Korea,KOR,2015,1.46577E+12,1465.773
South Korea,KOR,2016,1.50011E+12,1500.112
South Korea,KOR,2017,1.6239E+12,1623.901
South Korea,KOR,2018,1.72485E+12,1724.846
South Korea,KOR,2019,1.65142E+12,1651.423
South Korea,KOR,2020,1.64431E+12,1644.313
South Korea,KOR,2021,1.81096E+12,1810.956
South Korea,KOR,2022,1.66525E+12,1665.246
South Sudan,SSD,2013,1.84265E+14,184264.69
South Sudan,SSD,2014,1.39622E+14,139622.128
South Sudan,SSD,2015,1.19978E+14,119978.008
South Sudan,SSD,2016,1.19978E+14,119978.008
South Sudan,SSD,2017,1.19978E+14,119978.008
South Sudan,SSD,2018,1.19978E+14,119978.008
South Sudan,SSD,2019,1.19978E+14,119978.008
South Sudan,SSD,2020,1.19978E+14,119978.008
South Sudan,SSD,2021,1.19978E+14,119978.008
South Sudan,SSD,2022,1.19978E+14,119978.008
Spain,ESP,2013,1.35558E+12,1355.58
Spain,ESP,2014,1.37182E+12,1371.821
Spain,ESP,2015,1.19616E+12,1196.157
Spain,ESP,2016,1.23355E+12,1233.555
Spain,ESP,2017,1.31325E+12,1313.245
Spain,ESP,2018,1.4217E+12,1421.703
Spain,ESP,2019,1.39432E+12,1394.32
Spain,ESP,2020,1.27696E+12,1276.963
Spain,ESP,2021,1.42738E+12,1427.381
Spain,ESP,2022,1.39751E+12,1397.509
Sri Lanka,LKA,2013,7.70006E+14,770005.782
Sri Lanka,LKA,2014,8.25285E+14,825285.356
Sri Lanka,LKA,2015,8.5141E+14,851409.555
Sri Lanka,LKA,2016,8.80123E+14,880122.819
Sri Lanka,LKA,2017,9.43762E+14,943762.378
Sri Lanka,LKA,2018,9.44939E+14,944938.714
Sri Lanka,LKA,2019,8.9015E+14,890149.783
Sri Lanka,LKA,2020,8.44405E+14,844405.357
Sri Lanka,LKA,2021,8.84965E+14,884965.356
Sri Lanka,LKA,2022,7.44036E+14,744035.784
Sudan,SDN,2013,6.60271E+14,660271.479
Sudan,SDN,2014,7.68188E+14,768187.738
Sudan,SDN,2015,8.49847E+14,849846.724
Sudan,SDN,2016,1.02944E+14,102943.516
Sudan,SDN,2017,1.29719E+14,129718.581
Sudan,SDN,2018,3.23338E+14,323337.804
Sudan,SDN,2019,3.23381E+14,323380.792
Sudan,SDN,2020,27034593750,27.035
Sudan,SDN,2021,3.42295E+14,342295.138
Sudan,SDN,2022,5.16622E+14,516622.418
Suriname,SUR,2013,5.14576E+14,514575.758
Suriname,SUR,2014,5.24061E+14,524060.606
Suriname,SUR,2015,5.12624E+14,512623.815
Suriname,SUR,2016,3.31742E+14,331742.15
Suriname,SUR,2017,3.59168E+14,359167.937
Suriname,SUR,2018,3.9962E+14,399619.876
Suriname,SUR,2019,4.01604E+14,401604.058
Suriname,SUR,2020,2.91181E+14,291180.75
Suriname,SUR,2021,2.98471E+14,298470.624
Suriname,SUR,2022,3.62066E+14,362065.512
Swaziland,SWZ,2013,4.59755E+14,459755.295
Swaziland,SWZ,2014,4.42299E+14,442298.645
Swaziland,SWZ,2015,4.06325E+14,406324.567
Swaziland,SWZ,2016,3.81602E+14,381601.922
Swaziland,SWZ,2017,4.40297E+14,440296.923
Swaziland,SWZ,2018,4.6666E+14,466659.802
Swaziland,SWZ,2019,4.46621E+14,446621.452
Swaziland,SWZ,2020,3.98224E+13,39822.367
Swaziland,SWZ,2021,4.7487E+14,474870.24
Swaziland,SWZ,2022,4.85417E+14,485416.764
Sweden,SWE,2013,5.86842E+14,586841.822
Sweden,SWE,2014,5.81964E+14,581964.017
Sweden,SWE,2015,5.05104E+14,505103.781
Sweden,SWE,2016,5.15655E+14,515654.671
Sweden,SWE,2017,5.41019E+14,541018.75
Sweden,SWE,2018,5.55455E+14,555455.371
Sweden,SWE,2019,5.3388E+14,533879.529
Sweden,SWE,2020,5.47054E+14,547054.174
Sweden,SWE,2021,6.36856E+14,636856.236
Sweden,SWE,2022,5.85939E+14,585939.17
Switzerland,CHE,2013,7.06235E+14,706234.937
Switzerland,CHE,2014,7.26538E+11,726.538
Switzerland,CHE,2015,6.94118E+14,694118.186
Switzerland,CHE,2016,6.87895E+14,687895.461
Switzerland,CHE,2017,6.95201E+14,695200.833
Switzerland,CHE,2018,7.25563E+14,725562.534
Switzerland,CHE,2019,7.21369E+14,721369.113
Switzerland,CHE,2020,7.39914E+14,739913.62
Switzerland,CHE,2021,8.0064E+11,800.64
Switzerland,CHE,2022,8.07706E+11,807.706
Syria,SYR,2013,2.13613E+14,213612.546
Syria,SYR,2014,2.15021E+14,215020.615
Syria,SYR,2015,1.64684E+14,164683.992
Syria,SYR,2016,1.25987E+14,125987.429
Syria,SYR,2017,1.63697E+14,163697.244
Syria,SYR,2018,2.14963E+14,214963.38
Syria,SYR,2019,2.26009E+14,226008.964
Syria,SYR,2020,1.11593E+14,111592.74
Syria,SYR,2021,1.11593E+14,111592.74
Syria,SYR,2022,1.11593E+14,111592.74
Taiwan,TWN,2013,,0
Taiwan,TWN,2014,,0
Taiwan,TWN,2015,,0
Taiwan,TWN,2016,,0
Taiwan,TWN,2017,,0
Taiwan,TWN,2018,,0
Taiwan,TWN,2019,,0
Taiwan,TWN,2020,,0
Taiwan,TWN,2021,,0
Taiwan,TWN,2022,,0
Tajikistan,TJK,2013,8.44841E+14,844841.073
Tajikistan,TJK,2014,9.11261E+14,911260.607
Tajikistan,TJK,2015,8.27143E+14,827143.193
Tajikistan,TJK,2016,6.99242E+14,699241.61
Tajikistan,TJK,2017,7.5364E+14,753640.315
Tajikistan,TJK,2018,7.765E+14,776500.028
Tajikistan,TJK,2019,8.30081E+14,830081.389
Tajikistan,TJK,2020,8.13396E+13,81339.638
Tajikistan,TJK,2021,8.93781E+14,893780.535
Tajikistan,TJK,2022,1.04921E+14,104921.234
Tanzania,TZA,2013,4.56805E+14,456805.326
Tanzania,TZA,2014,4.99648E+14,499648.251
Tanzania,TZA,2015,4.73786E+14,473786.038
Tanzania,TZA,2016,4.9774E+14,497740.05
Tanzania,TZA,2017,5.3276E+14,532759.681
Tanzania,TZA,2018,5.70037E+14,570036.86
Tanzania,TZA,2019,6.10268E+14,610267.659
Tanzania,TZA,2020,6.60687E+14,660687.378
Tanzania,TZA,2021,7.06556E+14,706556.281
Tanzania,TZA,2022,7.57093E+14,757092.891
Thailand,THA,2013,4.20334E+14,420333.659
Thailand,THA,2014,4.07339E+14,407339.036
Thailand,THA,2015,4.01296E+14,401296.242
Thailand,THA,2016,4.13366E+14,413366.346
Thailand,THA,2017,4.56357E+14,456356.813
Thailand,THA,2018,5.06754E+14,506754.212
Thailand,THA,2019,5.43977E+14,543976.696
Thailand,THA,2020,5.00457E+14,500457.262
Thailand,THA,2021,5.05568E+14,505568.057
Thailand,THA,2022,4.95341E+14,495340.593
Timor,TLS,2013,1395519600,1.396
Timor,TLS,2014,1447310400,1.447
Timor,TLS,2015,1594447600,1.594
Timor,TLS,2016,1650619400,1.651
Timor,TLS,2017,1595724300,1.596
Timor,TLS,2018,1563887900,1.564
Timor,TLS,2019,2028551600,2.029
Timor,TLS,2020,2158392500,2.158
Timor,TLS,2021,3621222400,3.621
Timor,TLS,2022,3.16332E+14,316332.463
Togo,TGO,2013,5.87279E+14,587279.094
Togo,TGO,2014,6.21705E+14,621704.765
Togo,TGO,2015,5.68147E+14,568146.937
Togo,TGO,2016,6.03163E+14,603163.201
Togo,TGO,2017,6.39547E+14,639547.203
Togo,TGO,2018,7.02922E+14,702921.793
Togo,TGO,2019,6.99266E+14,699265.643
Togo,TGO,2020,7.38933E+13,73893.294
Togo,TGO,2021,8.33405E+14,833404.749
Togo,TGO,2022,8.12644E+14,812643.948
Tonga,TON,2013,4.50651E+14,450650.718
Tonga,TON,2014,4.39878E+14,439877.676
Tonga,TON,2015,4.37003E+14,437003.007
Tonga,TON,2016,4.20549E+14,420548.768
Tonga,TON,2017,4.60374E+14,460374.252
Tonga,TON,2018,4.88907E+14,488906.861
Tonga,TON,2019,5.12054E+14,512053.64
Tonga,TON,2020,4.84797E+14,484796.859
Tonga,TON,2021,4.69228E+14,469228.124
Tonga,TON,2022,4.69228E+14,469228.124
Trinidad and Tobago,TTO,2013,2.85575E+14,285574.511
Trinidad and Tobago,TTO,2014,2.9489E+14,294890.128
Trinidad and Tobago,TTO,2015,2.6852E+14,268519.702
Trinidad and Tobago,TTO,2016,2.34962E+14,234962.159
Trinidad and Tobago,TTO,2017,2.37977E+14,237976.87
Trinidad and Tobago,TTO,2018,2.43224E+13,24322.359
Trinidad and Tobago,TTO,2019,2.38496E+14,238495.578
Trinidad and Tobago,TTO,2020,2.10594E+14,210594.288
Trinidad and Tobago,TTO,2021,2.44602E+14,244601.963
Trinidad and Tobago,TTO,2022,2.78991E+14,278990.823
Tunisia,TUN,2013,4.86854E+14,486854.364
Tunisia,TUN,2014,5.02718E+13,50271.813
Tunisia,TUN,2015,4.57795E+14,457794.94
Tunisia,TUN,2016,4.43601E+14,443600.658
Tunisia,TUN,2017,4.21635E+14,421635.306
Tunisia,TUN,2018,4.26865E+14,426865.098
Tunisia,TUN,2019,4.19056E+14,419056.377
Tunisia,TUN,2020,4.25385E+14,425384.627
Tunisia,TUN,2021,4.66873E+14,466872.987
Tunisia,TUN,2022,4.66649E+14,466649.49
Turkey,TUR,2013,9.57799E+14,957798.998
Turkey,TUR,2014,9.38934E+14,938934.43
Turkey,TUR,2015,8.64314E+14,864313.96
Turkey,TUR,2016,8.69683E+14,869682.954
Turkey,TUR,2017,8.58989E+14,858988.579
Turkey,TUR,2018,7.78477E+14,778476.714
Turkey,TUR,2019,7.59935E+14,759934.804
Turkey,TUR,2020,7.20289E+14,720288.812
Turkey,TUR,2021,8.19034E+14,819034.484
Turkey,TUR,2022,9.05988E+14,905987.824
Turkmenistan,TKM,2013,3.91975E+14,391975.439
Turkmenistan,TKM,2014,4.35242E+14,435242.105
Turkmenistan,TKM,2015,3.57997E+14,357997.143
Turkmenistan,TKM,2016,3.61694E+14,361694.286
Turkmenistan,TKM,2017,3.79263E+14,379262.857
Turkmenistan,TKM,2018,4.07654E+14,407654.286
Turkmenistan,TKM,2019,4.42203E+14,442202.857
Turkmenistan,TKM,2020,4.56106E+14,456105.714
Turkmenistan,TKM,2021,4.56106E+14,456105.714
Turkmenistan,TKM,2022,4.56106E+14,456105.714
Uganda,UGA,2013,2.89158E+14,289157.865
Uganda,UGA,2014,3.26124E+14,326123.973
Uganda,UGA,2015,3.23872E+14,323871.837
Uganda,UGA,2016,2.9204E+13,29203.989
Uganda,UGA,2017,3.07445E+14,307444.738
Uganda,UGA,2018,3.2927E+14,329270.256
Uganda,UGA,2019,3.53482E+13,35348.155
Uganda,UGA,2020,3.76054E+13,37605.43
Uganda,UGA,2021,4.05102E+14,405102.414
Uganda,UGA,2022,4.55592E+14,455592.02
Ukraine,UKR,2013,1.90499E+14,190498.811
Ukraine,UKR,2014,1.33504E+14,133503.867
Ukraine,UKR,2015,9.1031E+14,910309.688
Ukraine,UKR,2016,9.33559E+14,933558.69
Ukraine,UKR,2017,1.12091E+14,112090.504
Ukraine,UKR,2018,1.30891E+14,130891.087
Ukraine,UKR,2019,1.53883E+14,153883.046
Ukraine,UKR,2020,1.56618E+14,156617.72
Ukraine,UKR,2021,1.99766E+14,199765.857
Ukraine,UKR,2022,1.60503E+14,160502.739
United Arab Emirates,ARE,2013,4.00219E+14,400218.53
United Arab Emirates,ARE,2014,4.14105E+14,414105.367
United Arab Emirates,ARE,2015,3.70275E+14,370275.47
United Arab Emirates,ARE,2016,3.69255E+14,369255.326
United Arab Emirates,ARE,2017,3.90517E+14,390516.804
United Arab Emirates,ARE,2018,4.27049E+14,427049.432
United Arab Emirates,ARE,2019,4.1799E+14,417989.722
United Arab Emirates,ARE,2020,3.49473E+14,349473.015
United Arab Emirates,ARE,2021,4.15022E+14,415021.591
United Arab Emirates,ARE,2022,5.07535E+14,507534.922
United Kingdom,GBR,2013,2.78632E+12,2786.315
United Kingdom,GBR,2014,3.06522E+12,3065.223
United Kingdom,GBR,2015,2.93486E+12,2934.858
United Kingdom,GBR,2016,2.69966E+12,2699.66
United Kingdom,GBR,2017,2.68349E+12,2683.489
United Kingdom,GBR,2018,2.87815E+12,2878.152
United Kingdom,GBR,2019,2.85706E+12,2857.058
United Kingdom,GBR,2020,2.70461E+12,2704.609
United Kingdom,GBR,2021,3.12248E+12,3122.48
United Kingdom,GBR,2022,3.07067E+12,3070.668
United States,USA,2013,1.68432E+13,16843.191
United States,USA,2014,1.75507E+13,17550.68
United States,USA,2015,1.8206E+13,18206.021
United States,USA,2016,1.86951E+13,18695.111
United States,USA,2017,1.94773E+13,19477.337
United States,USA,2018,2.05331E+13,20533.057
United States,USA,2019,2.1381E+13,21380.976
United States,USA,2020,2.10605E+13,21060.474
United States,USA,2021,2.33151E+13,23315.081
United States,USA,2022,2.54627E+13,25462.7
United States Virgin Islands,VIR,2013,3738000000,3.738
United States Virgin Islands,VIR,2014,3565000000,3.565
United States Virgin Islands,VIR,2015,3663000000,3.663
United States Virgin Islands,VIR,2016,3798000000,3.798
United States Virgin Islands,VIR,2017,3794000000,3.794
United States Virgin Islands,VIR,2018,3922000000,3.922
United States Virgin Islands,VIR,2019,4117000000,4.117
United States Virgin Islands,VIR,2020,4204000000,4.204
United States Virgin Islands,VIR,2021,4204000000,4.204
United States Virgin Islands,VIR,2022,4204000000,4.204
Uruguay,URY,2013,6.13376E+14,613376.209
Uruguay,URY,2014,6.14962E+13,61496.187
Uruguay,URY,2015,5.76803E+13,57680.329
Uruguay,URY,2016,5.74808E+13,57480.788
Uruguay,URY,2017,6.5006E+14,650060.477
Uruguay,URY,2018,6.52031E+14,652030.711
Uruguay,URY,2019,6.20486E+13,62048.586
Uruguay,URY,2020,5.36669E+14,536669.085
Uruguay,URY,2021,6.14123E+14,614122.682
Uruguay,URY,2022,7.11771E+14,711771.462
Uzbekistan,UZB,2013,7.318E+14,731800.379
Uzbekistan,UZB,2014,8.08454E+14,808453.858
Uzbekistan,UZB,2015,8.61963E+14,861962.647
Uzbekistan,UZB,2016,8.61383E+14,861382.886
Uzbekistan,UZB,2017,6.20813E+14,620813.227
Uzbekistan,UZB,2018,5.28701E+14,528701.082
Uzbekistan,UZB,2019,6.02835E+14,602835.037
Uzbekistan,UZB,2020,6.02247E+14,602247.013
Uzbekistan,UZB,2021,6.96006E+14,696006.15
Uzbekistan,UZB,2022,8.03919E+13,80391.854
Vanuatu,VUT,2013,7.58304E+14,758304.466
Vanuatu,VUT,2014,7.72316E+14,772315.986
Vanuatu,VUT,2015,7.30871E+13,73087.081
Vanuatu,VUT,2016,7.8089E+14,780889.606
Vanuatu,VUT,2017,8.80062E+13,88006.183
Vanuatu,VUT,2018,9.14737E+14,914736.985
Vanuatu,VUT,2019,9.36526E+14,936526.268
Vanuatu,VUT,2020,9.09421E+14,909421.044
Vanuatu,VUT,2021,9.71636E+14,971636.098
Vanuatu,VUT,2022,9.83583E+14,983582.865
Venezuela,VEN,2013,3.71005E+14,371005.38
Venezuela,VEN,2014,4.82359E+14,482359.319
Venezuela,VEN,2015,4.82359E+14,482359.319
Venezuela,VEN,2016,4.82359E+14,482359.319
Venezuela,VEN,2017,4.82359E+14,482359.319
Venezuela,VEN,2018,4.82359E+14,482359.319
Venezuela,VEN,2019,4.82359E+14,482359.319
Venezuela,VEN,2020,4.82359E+14,482359.319
Venezuela,VEN,2021,4.82359E+14,482359.319
Venezuela,VEN,2022,4.82359E+14,482359.319
Vietnam,VNM,2013,2.13709E+14,213708.831
Vietnam,VNM,2014,2.33451E+14,233451.485
Vietnam,VNM,2015,2.39258E+14,239258.341
Vietnam,VNM,2016,2.57096E+14,257096.001
Vietnam,VNM,2017,2.81354E+14,281353.626
Vietnam,VNM,2018,3.10106E+14,310106.473
Vietnam,VNM,2019,3.34365E+14,334365.258
Vietnam,VNM,2020,3.46616E+14,346615.75
Vietnam,VNM,2021,3.66138E+14,366137.591
Vietnam,VNM,2022,4.08802E+14,408802.379
Yemen,YEM,2013,4.04152E+14,404152.334
Yemen,YEM,2014,4.32286E+14,432285.853
Yemen,YEM,2015,4.24445E+14,424444.895
Yemen,YEM,2016,3.13178E+14,313178.249
Yemen,YEM,2017,2.68422E+14,268422.312
Yemen,YEM,2018,2.16062E+14,216061.611
Yemen,YEM,2019,2.16062E+14,216061.611
Yemen,YEM,2020,2.16062E+14,216061.611
Yemen,YEM,2021,2.16062E+14,216061.611
Yemen,YEM,2022,2.16062E+14,216061.611
Zambia,ZMB,2013,2.80372E+14,280372.395
Zambia,ZMB,2014,2.7141E+14,271410.236
Zambia,ZMB,2015,2.12512E+14,212512.168
Zambia,ZMB,2016,2.09584E+14,209584.125
Zambia,ZMB,2017,2.58736E+14,258736.013
Zambia,ZMB,2018,2.63115E+14,263115.064
Zambia,ZMB,2019,2.33087E+14,233086.678
Zambia,ZMB,2020,1.81106E+14,181106.386
Zambia,ZMB,2021,2.21476E+14,221476.496
Zambia,ZMB,2022,2.97845E+14,297844.541
Zimbabwe,ZWE,2013,19091020000,19.091
Zimbabwe,ZWE,2014,19495519600,19.496
Zimbabwe,ZWE,2015,19963120600,19.963
Zimbabwe,ZWE,2016,20548678100,20.549
Zimbabwe,ZWE,2017,1.75849E+14,175848.909
Zimbabwe,ZWE,2018,3.41561E+14,341560.699
Zimbabwe,ZWE,2019,2.18322E+14,218322.349
Zimbabwe,ZWE,2020,2.15097E+14,215096.984
Zimbabwe,ZWE,2021,2.83712E+14,283712.387
Zimbabwe,ZWE,2022,2.06781E+14,206780.556
